愛香,あいか,http://actress.dmm.co.jp/-/detail/=/actress_id=8888/,http://pics.dmm.co.jp/mono/actjpgs/aika.jpg,----,----,----,----,----,----
愛果,あいか,http://actress.dmm.co.jp/-/detail/=/actress_id=1019320/,http://pics.dmm.co.jp/mono/actjpgs/aika4.jpg,----,----,----,----,----,----
愛香まゆ,あいかまゆ,http://actress.dmm.co.jp/-/detail/=/actress_id=1026935/,http://pics.dmm.co.jp/mono/actjpgs/aika_mayu.jpg,----,----,----,T166cm B88cm(Fカップ) W59cm H86cm,----,----
愛内ゆず,あいうちゆず,http://actress.dmm.co.jp/-/detail/=/actress_id=1008423/,http://pics.dmm.co.jp/mono/actjpgs/aiuti_yuzu.jpg,----,----,----,----,----,----
相川真由,あいかわまゆ,http://actress.dmm.co.jp/-/detail/=/actress_id=5259/,http://pics.dmm.co.jp/mono/actjpgs/aikawa_mayu.jpg,----,----,----,----,----,----
愛川はる,あいかわはる,http://actress.dmm.co.jp/-/detail/=/actress_id=1036944/,http://pics.dmm.co.jp/mono/actjpgs/aikawa_haru.jpg,----,----,----,----,----,----
愛川ひかる,あいかわひかる,http://actress.dmm.co.jp/-/detail/=/actress_id=228/,http://pics.dmm.co.jp/mono/actjpgs/aikawa_hikaru.jpg,----,----,----,----,----,----
愛川ななみ,あいかわななみ,http://actress.dmm.co.jp/-/detail/=/actress_id=1027129/,http://pics.dmm.co.jp/mono/actjpgs/aikawa_nanami.jpg,----,----,----,----,----,----
愛川智佐,あいかわちさ,http://actress.dmm.co.jp/-/detail/=/actress_id=234/,http://pics.dmm.co.jp/mono/actjpgs/aikawa_tisa.jpg,----,----,----,----,----,----
相川まなみ,あいかわまなみ,http://actress.dmm.co.jp/-/detail/=/actress_id=4434/,http://pics.dmm.co.jp/mono/actjpgs/aikawa_manami.jpg,----,----,----,B93cm(Gカップ) W60cm H88cm,----,----
愛川さち,あいかわさち,http://actress.dmm.co.jp/-/detail/=/actress_id=4857/,http://pics.dmm.co.jp/mono/actjpgs/aikawa_sati.jpg,----,----,----,B88cm W58cm H80cm,----,----
相川潤,あいかわじゅん,http://actress.dmm.co.jp/-/detail/=/actress_id=1034870/,http://pics.dmm.co.jp/mono/actjpgs/aikawa_zyun.jpg,1996年2月23日,うお座,----,B85cm(Fカップ) W57cm H83cm,----,----
Ai,あい,http://actress.dmm.co.jp/-/detail/=/actress_id=1037568/,http://pics.dmm.co.jp/mono/actjpgs/ai.jpg,----,----,----,----,----,----
愛川未来,あいかわみく,http://actress.dmm.co.jp/-/detail/=/actress_id=1027415/,http://pics.dmm.co.jp/mono/actjpgs/aika_miku.jpg,----,----,----,T154cm B84cm(Dカップ) W57cm H88cm,----,----
相川未稀,あいかわみき,http://actress.dmm.co.jp/-/detail/=/actress_id=2047/,http://pics.dmm.co.jp/mono/actjpgs/aikawa_miki.jpg,1979年1月23日,みずがめ座,A,B80cm W62cm H85cm,----,料理、カラオケ
相川奈々,あいかわなな,http://actress.dmm.co.jp/-/detail/=/actress_id=14603/,http://pics.dmm.co.jp/mono/actjpgs/aikawa_nana.jpg,1984年7月15日,かに座,B,T168cm B86cm(Eカップ) W60cm H90cm,----,音楽鑑賞、料理
相内しおり,あいうちしおり,http://actress.dmm.co.jp/-/detail/=/actress_id=1004850/,http://pics.dmm.co.jp/mono/actjpgs/aiuti_siori.jpg,1990年11月6日,さそり座,B,T161cm B85cm(Dカップ) W58cm H88cm,新潟県,手芸、裁縫、料理
愛川香織,あいかわかおり,http://actress.dmm.co.jp/-/detail/=/actress_id=231/,http://pics.dmm.co.jp/mono/actjpgs/aikawa_kaori.jpg,1976年9月27日,てんびん座,----,T168cm B86cm(Cカップ) W60cm H85cm,----,お菓子づくり
あいか莉乃,あいかりの,http://actress.dmm.co.jp/-/detail/=/actress_id=1032111/,http://pics.dmm.co.jp/mono/actjpgs/aika_rino.jpg,----,----,----,----,----,----
愛内あみ,あいうちあみ,http://actress.dmm.co.jp/-/detail/=/actress_id=26617/,http://pics.dmm.co.jp/mono/actjpgs/aiuti_ami.jpg,1987年12月15日,いて座,----,T152cm B92cm(Eカップ) W59cm H88cm,静岡県,音楽鑑賞
愛川セイラ,あいかわせいら,http://actress.dmm.co.jp/-/detail/=/actress_id=29817/,http://pics.dmm.co.jp/mono/actjpgs/aikawa_seira.jpg,----,----,----,T163cm B93cm W60cm H87cm,----,----
愛内萌,あいうちもえ,http://actress.dmm.co.jp/-/detail/=/actress_id=11921/,http://pics.dmm.co.jp/mono/actjpgs/aiuti_moe.jpg,1981年12月1日,いて座,A,T165cm B86cm W56cm H82cm,東京都,----
愛内るい,あいうちるい,http://actress.dmm.co.jp/-/detail/=/actress_id=4537/,http://pics.dmm.co.jp/mono/actjpgs/aiuti_rui.jpg,1982年8月8日,しし座,O,T154cm B83cm W60cm H85cm,----,料理
藍川美夏,あいかわみか,http://actress.dmm.co.jp/-/detail/=/actress_id=1036804/,http://pics.dmm.co.jp/mono/actjpgs/aikawa_mika.jpg,----,----,----,----,----,----
愛内まほ,あいうちまほ,http://actress.dmm.co.jp/-/detail/=/actress_id=1003963/,http://pics.dmm.co.jp/mono/actjpgs/aiuti_maho.jpg,----,----,----,----,----,----
愛川めい,あいかわめい,http://actress.dmm.co.jp/-/detail/=/actress_id=1010957/,http://pics.dmm.co.jp/mono/actjpgs/aikawa_mei.jpg,----,----,----,----,----,----
相川みほ,あいかわみほ,http://actress.dmm.co.jp/-/detail/=/actress_id=2044/,http://pics.dmm.co.jp/mono/actjpgs/aikawa_miho.jpg,----,----,----,----,----,----
愛川みう,あいかわみう,http://actress.dmm.co.jp/-/detail/=/actress_id=1001201/,http://pics.dmm.co.jp/mono/actjpgs/aikawa_miu.jpg,1988年12月24日,やぎ座,O,T162cm B94cm(Hカップ) W58cm H86cm,千葉県,ショッピング、体が柔らかいこと
相川優菜,あいかわゆうな,http://actress.dmm.co.jp/-/detail/=/actress_id=8900/,http://pics.dmm.co.jp/mono/actjpgs/aikawa_yuuna.jpg,1984年9月25日,てんびん座,A,B84cm W59cm H83cm,----,お菓子づくり、ネイルアート
相内つかさ,あいうちつかさ,http://actress.dmm.co.jp/-/detail/=/actress_id=1019321/,http://pics.dmm.co.jp/mono/actjpgs/aiuti_tukasa.jpg,----,----,----,T162cm B100cm(Hカップ) W64cm H93cm,----,----
藍川なぎさ,あいかわなぎさ,http://actress.dmm.co.jp/-/detail/=/actress_id=1036214/,http://pics.dmm.co.jp/mono/actjpgs/aikawa_nagisa.jpg,----,----,----,T155cm B80cm(Dカップ) W63cm H85cm,----,----
愛川由衣,あいかわゆい,http://actress.dmm.co.jp/-/detail/=/actress_id=14165/,http://pics.dmm.co.jp/mono/actjpgs/aikawa_yui2.jpg,1982年1月7日,やぎ座,A,T160cm B87cm(Dカップ) W59cm H88cm,山梨県,お料理　テニス　バスケット、体が柔らかい
愛華みれい,あいかみれい,http://actress.dmm.co.jp/-/detail/=/actress_id=1032223/,http://pics.dmm.co.jp/mono/actjpgs/aika_mirei.jpg,----,----,----,----,----,----
相川みなみ,あいかわみなみ,http://actress.dmm.co.jp/-/detail/=/actress_id=9305/,http://pics.dmm.co.jp/mono/actjpgs/aikawa_minami.jpg,1985年2月22日,うお座,O,T164cm B95cm(Fカップ) W58cm H89cm,神奈川県,音楽鑑賞、お菓子作り
あいかりん,あいかりん,http://actress.dmm.co.jp/-/detail/=/actress_id=1018147/,http://pics.dmm.co.jp/mono/actjpgs/aikarin.jpg,1993年11月3日,さそり座,----,T158cm B80cm W60cm H82cm,----,----
あいか瞬,あいかしゅん,http://actress.dmm.co.jp/-/detail/=/actress_id=11239/,http://pics.dmm.co.jp/mono/actjpgs/aika_syun.jpg,1984年12月8日,いて座,AB,T162cm B87cm(Gカップ) W59cm H86cm,神奈川県,ショッピング
相川純菜,あいかわじゅんな,http://actress.dmm.co.jp/-/detail/=/actress_id=20518/,http://pics.dmm.co.jp/mono/actjpgs/aikawa_zyunna.jpg,----,----,----,B87cm W60cm H88cm,----,----
愛川ひな,あいかわひな,http://actress.dmm.co.jp/-/detail/=/actress_id=229/,http://pics.dmm.co.jp/mono/actjpgs/aikawa_hina.jpg,----,----,----,B83cm W57cm H85cm,----,----
愛川紗季,あいかわさき,http://actress.dmm.co.jp/-/detail/=/actress_id=16930/,http://pics.dmm.co.jp/mono/actjpgs/aikawa_saki2.jpg,1984年4月19日,おひつじ座,O,T170cm B86cm(Dカップ) W58cm H86cm,千葉県,ショッピング、お菓子作り
愛内ゆう,あいうちゆう,http://actress.dmm.co.jp/-/detail/=/actress_id=1010105/,http://pics.dmm.co.jp/mono/actjpgs/aiuti_yuu.jpg,----,----,----,T160cm B85cm(Iカップ) W57cm H86cm,----,----
相内リカ,あいうちりか,http://actress.dmm.co.jp/-/detail/=/actress_id=23082/,http://pics.dmm.co.jp/mono/actjpgs/aiuti_rika.jpg,1987年12月11日,いて座,O,T156cm B96cm(Hカップ) W61cm H87cm,東京都,ダンス、I字バランス
藍花（花桐まつり）（あいか,はなぎりまつり）,http://actress.dmm.co.jp/-/detail/=/actress_id=21923/,http://pics.dmm.co.jp/mono/actjpgs/aika2.jpg,1985年5月28日,ふたご座,O,T155cm B87cm(Dカップ) W60cm H87cm,東京都,ショッピング、映画鑑賞
AIKA（三浦あいか）（あいか,みうらあいか）,http://actress.dmm.co.jp/-/detail/=/actress_id=1105/,http://pics.dmm.co.jp/mono/actjpgs/miura_aika.jpg,1975年11月2日,さそり座,O,T155cm B81cm(Bカップ) W54cm H79cm,神奈川県,ドライブ、スキー、フィッシング
愛花沙也,あいかさや,http://actress.dmm.co.jp/-/detail/=/actress_id=1012301/,http://pics.dmm.co.jp/mono/actjpgs/aika_saya.jpg,1989年12月18日,いて座,----,T155cm B80cm(Dカップ) W59cm H85cm,東京都,----
愛内梨花,あいうちりんか,http://actress.dmm.co.jp/-/detail/=/actress_id=30510/,http://pics.dmm.co.jp/mono/actjpgs/aiuti_rinka.jpg,1988年3月27日,おひつじ座,AB,T164cm B85cm(Eカップ) W60cm H85cm,静岡県,料理、マッサージ
あいかわ優衣,あいかわゆい,http://actress.dmm.co.jp/-/detail/=/actress_id=1000341/,http://pics.dmm.co.jp/mono/actjpgs/aikawa_yui3.jpg,1989年3月8日,うお座,----,T158cm B86cm(Cカップ) W60cm H87cm,東京都,プロレス観戦、英語
愛川咲樹,あいかわさき,http://actress.dmm.co.jp/-/detail/=/actress_id=17803/,http://pics.dmm.co.jp/mono/actjpgs/aikawa_saki3.jpg,1970年7月17日,かに座,----,T162cm B88cm(Dカップ) W63cm H90cm,----,----
愛内希,あいうちのぞみ,http://actress.dmm.co.jp/-/detail/=/actress_id=1012984/,http://pics.dmm.co.jp/mono/actjpgs/aiuti_nozomi.jpg,1992年7月3日,かに座,O,T162cm B80cm(Cカップ) W57cm H83cm,埼玉県,マンガ、ゲーム、映画鑑賞
愛あいり,あいあいり,http://actress.dmm.co.jp/-/detail/=/actress_id=25929/,http://pics.dmm.co.jp/mono/actjpgs/ai_airi.jpg,1984年7月23日,しし座,O,T172cm B110cm(Iカップ) W61cm H90cm,東京都,アロマの香り集め
相沢京香,あいざわきょうか,http://actress.dmm.co.jp/-/detail/=/actress_id=5758/,http://pics.dmm.co.jp/mono/actjpgs/aizawa_kyouka.jpg,----,----,----,----,----,----
相沢いずみ,あいざわいずみ,http://actress.dmm.co.jp/-/detail/=/actress_id=2048/,http://pics.dmm.co.jp/mono/actjpgs/aizawa_izumi.jpg,----,----,----,----,----,----
愛紗,あいさ,http://actress.dmm.co.jp/-/detail/=/actress_id=1037252/,http://pics.dmm.co.jp/mono/actjpgs/nowprinting.gif,----,----,----,----,----,----
相澤京香,あいざわきょうか,http://actress.dmm.co.jp/-/detail/=/actress_id=1009806/,http://pics.dmm.co.jp/mono/actjpgs/aizawa_kyouka2.jpg,----,----,----,----,----,----
愛川ゆき,あいかわゆき,http://actress.dmm.co.jp/-/detail/=/actress_id=230/,http://pics.dmm.co.jp/mono/actjpgs/aikawa_yuki.jpg,----,----,----,B102cm,----,----
相川由紀子,あいかわゆきこ,http://actress.dmm.co.jp/-/detail/=/actress_id=1036043/,http://pics.dmm.co.jp/mono/actjpgs/aikawa_yukiko.jpg,----,----,----,----,----,----
相澤麻衣,あいざわまい,http://actress.dmm.co.jp/-/detail/=/actress_id=8433/,http://pics.dmm.co.jp/mono/actjpgs/aizawa_mai.jpg,----,----,----,----,----,----
逢沢七帆,あいざわななほ,http://actress.dmm.co.jp/-/detail/=/actress_id=1018480/,http://pics.dmm.co.jp/mono/actjpgs/aizawa_nanaho.jpg,----,----,----,----,----,----
相川リナ,あいかわりな,http://actress.dmm.co.jp/-/detail/=/actress_id=11028/,http://pics.dmm.co.jp/mono/actjpgs/aikawa_rina.jpg,1985年6月10日,ふたご座,O,B85cm(Dカップ) W59cm H88cm,----,----
相澤あかり,あいざわあかり,http://actress.dmm.co.jp/-/detail/=/actress_id=25286/,http://pics.dmm.co.jp/mono/actjpgs/aizawa_akari.jpg,----,----,----,----,----,----
愛咲ゆい,あいさきゆい,http://actress.dmm.co.jp/-/detail/=/actress_id=225/,http://pics.dmm.co.jp/mono/actjpgs/aisaki_yui.jpg,1980年5月21日,ふたご座,AB,B90cm W60cm H90cm,----,----
愛咲エリカ,あいさきえりか,http://actress.dmm.co.jp/-/detail/=/actress_id=1018836/,http://pics.dmm.co.jp/mono/actjpgs/aisaki_erika.jpg,----,----,----,----,----,----
あいざきしの,あいざきしの,http://actress.dmm.co.jp/-/detail/=/actress_id=1029920/,http://pics.dmm.co.jp/mono/actjpgs/aizaki_sino.jpg,----,----,----,----,----,----
相沢美加,あいざわみか,http://actress.dmm.co.jp/-/detail/=/actress_id=10151/,http://pics.dmm.co.jp/mono/actjpgs/aizawa_mika.jpg,----,----,----,----,----,----
相沢一愛,あいざわちなり,http://actress.dmm.co.jp/-/detail/=/actress_id=2049/,http://pics.dmm.co.jp/mono/actjpgs/aizawa_tinari.jpg,----,----,----,----,----,----
相沢さゆり,あいざわさゆり,http://actress.dmm.co.jp/-/detail/=/actress_id=18766/,http://pics.dmm.co.jp/mono/actjpgs/aizawa_sayuri.jpg,1980年1月1日,やぎ座,----,----,----,----
愛沢美奈,あいざわみな,http://actress.dmm.co.jp/-/detail/=/actress_id=15586/,http://pics.dmm.co.jp/mono/actjpgs/aizawa_mina.jpg,----,----,----,----,----,----
愛来ゆう,あいくゆう,http://actress.dmm.co.jp/-/detail/=/actress_id=1020500/,http://pics.dmm.co.jp/mono/actjpgs/aiku_yuu.jpg,1994年9月6日,おとめ座,----,T160cm B86cm W59cm H86cm,奈良県,マリンスポーツ
相沢優香,あいざわゆうか,http://actress.dmm.co.jp/-/detail/=/actress_id=2054/,http://pics.dmm.co.jp/mono/actjpgs/aizawa_yuuka.jpg,1980年6月19日,ふたご座,O,T158cm B88cm(Fカップ) W59cm H85cm,東京都,音楽鑑賞、ショッピング
愛沢ひな,あいざわひな,http://actress.dmm.co.jp/-/detail/=/actress_id=19235/,http://pics.dmm.co.jp/mono/actjpgs/aizawa_hina.jpg,1984年10月28日,さそり座,O,T158cm B86cm(Cカップ) W56cm H80cm,----,旅行、バドミントン
あいかわゆら,あいかわゆら,http://actress.dmm.co.jp/-/detail/=/actress_id=22852/,http://pics.dmm.co.jp/mono/actjpgs/aikawa_yura.jpg,----,----,----,T156cm W58cm H80cm,----,----
相沢奈菜,あいざわなな,http://actress.dmm.co.jp/-/detail/=/actress_id=10369/,http://pics.dmm.co.jp/mono/actjpgs/aizawa_nana2.jpg,----,----,----,T161cm B91cm(Fカップ) W60cm H88cm,----,----
相沢夢,あいざわゆめ,http://actress.dmm.co.jp/-/detail/=/actress_id=4903/,http://pics.dmm.co.jp/mono/actjpgs/aizawa_yume.jpg,1984年5月3日,おうし座,AB,T147cm B85cm W60cm H88cm,茨城県,ショッピング
愛咲MIU（桜井りあ）（あいざきみう,さくらいりあ）,http://actress.dmm.co.jp/-/detail/=/actress_id=26361/,http://pics.dmm.co.jp/mono/actjpgs/sakurai_ria.jpg,1989年7月19日,かに座,AB,T152cm B80cm(Bカップ) W56cm H82cm,秋田県,ショッピング、バスケットボール
逢沢なお（青山れあ）（あいざわなお,あおやまれあ）,http://actress.dmm.co.jp/-/detail/=/actress_id=24340/,http://pics.dmm.co.jp/mono/actjpgs/aoyama_rea.jpg,----,----,B,T158cm B107cm(Iカップ),神奈川県,ショッピング
愛咲めぐ,あいさきめぐ,http://actress.dmm.co.jp/-/detail/=/actress_id=5207/,http://pics.dmm.co.jp/mono/actjpgs/aisaki_megu.jpg,1976年6月11日,ふたご座,B,B86cm(Dカップ) W60cm H84cm,----,ファミコン
逢沢ふみ奈,あいざわふみな,http://actress.dmm.co.jp/-/detail/=/actress_id=1026728/,http://pics.dmm.co.jp/mono/actjpgs/aizawa_humina.jpg,----,----,----,B95cm(Hカップ),----,----
藍沢舞音,あいざわまお,http://actress.dmm.co.jp/-/detail/=/actress_id=5908/,http://pics.dmm.co.jp/mono/actjpgs/aizawa_maine.jpg,----,----,----,B83cm W59cm H84cm,----,----
相崎真希（美空おんぷ）（あいざきまき,みそらおんぷ）,http://actress.dmm.co.jp/-/detail/=/actress_id=29996/,http://pics.dmm.co.jp/mono/actjpgs/aizaki_maki.jpg,----,----,----,----,----,----
愛沢かりん,あいざわかりん,http://actress.dmm.co.jp/-/detail/=/actress_id=1022215/,http://pics.dmm.co.jp/mono/actjpgs/aizawa_karin.jpg,1993年12月26日,やぎ座,AB,T157cm B84cm(Dカップ) W57cm H85cm,奈良県,フェラチオ、買い物
相沢ゆう,あいざわゆう,http://actress.dmm.co.jp/-/detail/=/actress_id=19027/,http://pics.dmm.co.jp/mono/actjpgs/aizawa_yuu2.jpg,----,----,----,B103cm(Hカップ),----,----
藍沢潤,あいざわじゅん,http://actress.dmm.co.jp/-/detail/=/actress_id=1025015/,http://pics.dmm.co.jp/mono/actjpgs/aizawa_zyun.jpg,1994年11月17日,さそり座,A,T154cm B84cm(Dカップ) W59cm H83cm,神奈川県,サッカー観戦/テニス
相澤まほ,あいざわまほ,http://actress.dmm.co.jp/-/detail/=/actress_id=2061/,http://pics.dmm.co.jp/mono/actjpgs/aizawa_maho.jpg,1980年4月28日,おうし座,O,B84cm W57cm H85cm,----,----
相沢しいら,あいざわしいら,http://actress.dmm.co.jp/-/detail/=/actress_id=1002018/,http://pics.dmm.co.jp/mono/actjpgs/aizawa_siira.jpg,----,----,----,----,----,----
相沢まみ,あいざわまみ,http://actress.dmm.co.jp/-/detail/=/actress_id=2050/,http://pics.dmm.co.jp/mono/actjpgs/aizawa_mami.jpg,1978年1月4日,やぎ座,A,T162cm B86cm(Cカップ) W58cm H88cm,東京都,オペラ鑑賞
相沢優,あいざわゆう,http://actress.dmm.co.jp/-/detail/=/actress_id=3418/,http://pics.dmm.co.jp/mono/actjpgs/aizawa_yuu.jpg,----,----,----,----,----,----
逢沢つばさ,あいざわつばさ,http://actress.dmm.co.jp/-/detail/=/actress_id=1025132/,http://pics.dmm.co.jp/mono/actjpgs/aizawa_tubasa.jpg,1993年7月21日,かに座,----,T160cm B87cm(Cカップ) W57cm H88cm,東京都,カラオケ、運転
愛咲えな,あいさきえな,http://actress.dmm.co.jp/-/detail/=/actress_id=1029702/,http://pics.dmm.co.jp/mono/actjpgs/aisaki_ena.jpg,----,----,----,----,----,----
逢崎みゆ,あいさきみゆ,http://actress.dmm.co.jp/-/detail/=/actress_id=240/,http://pics.dmm.co.jp/mono/actjpgs/aisaki_miyu.jpg,1975年3月3日,うお座,A,B85cm(Dカップ) W58cm H86cm,----,マンウォッチング、芸術鑑賞
相沢みなみ,あいざわみなみ,http://actress.dmm.co.jp/-/detail/=/actress_id=1035513/,http://pics.dmm.co.jp/mono/actjpgs/aizawa_minami.jpg,1996年6月14日,ふたご座,A,B80cm(Cカップ) W54cm H82cm,東京,ランニング/お菓子作り
愛沢有紗,あいざわありさ,http://actress.dmm.co.jp/-/detail/=/actress_id=1015998/,http://pics.dmm.co.jp/mono/actjpgs/aizawa_arisa.jpg,----,----,----,T164cm B86cm(Fカップ) W56cm H85cm,----,----
愛沢寧々,あいざわねね,http://actress.dmm.co.jp/-/detail/=/actress_id=1004888/,http://pics.dmm.co.jp/mono/actjpgs/aizawa_nene.jpg,----,----,----,----,----,----
逢坂はるな,あいさかはるな,http://actress.dmm.co.jp/-/detail/=/actress_id=1022161/,http://pics.dmm.co.jp/mono/actjpgs/aisaka_haruna.jpg,1993年8月13日,しし座,O,T163cm B83cm(Dカップ) W57cm H85cm,神奈川県,買い物、ヨガ
藍川怜,あいかわれい,http://actress.dmm.co.jp/-/detail/=/actress_id=12609/,http://pics.dmm.co.jp/mono/actjpgs/aikawa_rei.jpg,----,----,----,----,----,----
逢沢はるか（黒木琴音）,あいざわはるか,http://actress.dmm.co.jp/-/detail/=/actress_id=1026635/,http://pics.dmm.co.jp/mono/actjpgs/aizawa_haruka4.jpg,1972年6月10日,ふたご座,O,T166cm B95cm(Gカップ) W60cm H93cm,東京都,カメラ
相崎琴音,あいさきことね,http://actress.dmm.co.jp/-/detail/=/actress_id=19957/,http://pics.dmm.co.jp/mono/actjpgs/aisaki_kotone.jpg,1986年10月8日,てんびん座,B,T165cm B82cm W57cm H83cm,東京都,音楽鑑賞、料理
逢川希,あいがわのぞみ,http://actress.dmm.co.jp/-/detail/=/actress_id=1036718/,http://pics.dmm.co.jp/mono/actjpgs/aigawa_nozomi.jpg,----,----,----,----,----,----
相沢桃,あいざわもも,http://actress.dmm.co.jp/-/detail/=/actress_id=21267/,http://pics.dmm.co.jp/mono/actjpgs/aizawa_momo2.jpg,1988年3月25日,おひつじ座,O,T145cm B92cm(Gカップ) W59cm H88cm,東京都,料理、ギター
哀川りん,あいかわりん,http://actress.dmm.co.jp/-/detail/=/actress_id=1007174/,http://pics.dmm.co.jp/mono/actjpgs/aikawa_rin.jpg,1992年5月14日,おうし座,----,T168cm B90cm(Fカップ) W58cm H90cm,----,音楽鑑賞
AIKA,あいか,http://actress.dmm.co.jp/-/detail/=/actress_id=1008887/,http://pics.dmm.co.jp/mono/actjpgs/aika3.jpg,1990年8月25日,おとめ座,O,T163cm B87cm(Eカップ) W60cm H84cm,兵庫県,ダンス,ファッション
愛咲れいら（原千尋）（あいさきれいら,はらちひろ）,http://actress.dmm.co.jp/-/detail/=/actress_id=11291/,http://pics.dmm.co.jp/mono/actjpgs/hara_tihiro.jpg,1984年5月22日,ふたご座,O,T168cm B85cm(Cカップ) W59cm H88cm,東京都,ショッピング、料理
相沢玲奈,あいざわれいな,http://actress.dmm.co.jp/-/detail/=/actress_id=1036359/,http://pics.dmm.co.jp/mono/actjpgs/aizawa_reina.jpg,----,----,----,----,----,----
あいせ里莉子,あいせりりこ,http://actress.dmm.co.jp/-/detail/=/actress_id=1022873/,http://pics.dmm.co.jp/mono/actjpgs/aise_ririko.jpg,----,----,----,T163cm B85cm(Dカップ) W60cm H83cm,----,----
愛田ミナ,あいだみな,http://actress.dmm.co.jp/-/detail/=/actress_id=1041470/,http://pics.dmm.co.jp/mono/actjpgs/aida_mina.jpg,----,----,----,----,----,----
相田結衣,あいだゆい,http://actress.dmm.co.jp/-/detail/=/actress_id=1011472/,http://pics.dmm.co.jp/mono/actjpgs/aida_yui.jpg,----,----,----,----,----,----
相田美香,あいだみか,http://actress.dmm.co.jp/-/detail/=/actress_id=8831/,http://pics.dmm.co.jp/mono/actjpgs/aida_mika.jpg,----,----,----,----,----,----
相澤玲,あいざわれい,http://actress.dmm.co.jp/-/detail/=/actress_id=2056/,http://pics.dmm.co.jp/mono/actjpgs/aizawa_rei.jpg,1981年11月26日,いて座,A,B80cm(Bカップ) W58cm H82cm,----,ショッピング
亜衣奈りん,あいなりん,http://actress.dmm.co.jp/-/detail/=/actress_id=1012153/,http://pics.dmm.co.jp/mono/actjpgs/aina_rin.jpg,----,----,----,----,----,----
愛田瞳,あいだひとみ,http://actress.dmm.co.jp/-/detail/=/actress_id=5915/,http://pics.dmm.co.jp/mono/actjpgs/aida_hitomi.jpg,----,----,----,----,----,----
逢栖れもん,あいすれもん,http://actress.dmm.co.jp/-/detail/=/actress_id=1019764/,http://pics.dmm.co.jp/mono/actjpgs/aisu_remon.jpg,1994年1月19日,やぎ座,A,T152cm B80cm(Bカップ) W60cm H85cm,神奈川県,散歩、器械体操
愛音くぅ,あいねくぅ,http://actress.dmm.co.jp/-/detail/=/actress_id=1031779/,http://pics.dmm.co.jp/mono/actjpgs/aine_kuu.jpg,----,----,----,----,----,----
愛音ミク,あいねみく,http://actress.dmm.co.jp/-/detail/=/actress_id=1003540/,http://pics.dmm.co.jp/mono/actjpgs/aine_miku.jpg,----,----,----,----,----,----
愛田みみ,あいだみみ,http://actress.dmm.co.jp/-/detail/=/actress_id=1031007/,http://pics.dmm.co.jp/mono/actjpgs/aida_mimi2.jpg,----,----,----,----,----,----
相田るる,あいだるる,http://actress.dmm.co.jp/-/detail/=/actress_id=2057/,http://pics.dmm.co.jp/mono/actjpgs/aida_ruru.jpg,1981年3月4日,うお座,AB,T155cm B93cm W58cm H78cm,----,ショッピング
相田すみれ,あいだすみれ,http://actress.dmm.co.jp/-/detail/=/actress_id=8591/,http://pics.dmm.co.jp/mono/actjpgs/aida_sumire.jpg,1985年4月8日,おひつじ座,B,T152cm B92cm(Hカップ) W59cm H90cm,秋田県,お絵かき、前屈
あいだもも,あいだもも,http://actress.dmm.co.jp/-/detail/=/actress_id=11/,http://pics.dmm.co.jp/mono/actjpgs/aida_momo.jpg,1970年6月18日,ふたご座,A,T162cm B82cm W55cm H89cm,東京都,エアロビクス
相田由美,あいだゆみ,http://actress.dmm.co.jp/-/detail/=/actress_id=6742/,http://pics.dmm.co.jp/mono/actjpgs/aida_yumi.jpg,1978年6月16日,ふたご座,----,T150cm B93cm W57cm H91cm,北海道,----
相戸愛,あいとあい,http://actress.dmm.co.jp/-/detail/=/actress_id=18801/,http://pics.dmm.co.jp/mono/actjpgs/aito_ai.jpg,1986年8月16日,しし座,O,T155cm B90cm(Fカップ) W58cm H85cm,東京都,ショッピング
愛音まりあ,あいねまりあ,http://actress.dmm.co.jp/-/detail/=/actress_id=1037700/,http://pics.dmm.co.jp/mono/actjpgs/aine_maria.jpg,1996年2月22日,うお座,A,T165cm B86cm(Eカップ) W59cm H88cm,神奈川県,コスプレ
相沢れおな,あいざわれおな,http://actress.dmm.co.jp/-/detail/=/actress_id=1021252/,http://pics.dmm.co.jp/mono/actjpgs/aizawa_reona.jpg,----,----,----,----,----,----
愛澄玲花,あいずみれいか,http://actress.dmm.co.jp/-/detail/=/actress_id=1007372/,http://pics.dmm.co.jp/mono/actjpgs/aizumi_reika.jpg,1975年4月19日,おひつじ座,A,T168cm B86cm(Dカップ) W60cm H84cm,神奈川県,フラメンコ、クラシックバレエ
愛斗ゆうき,あいとゆうき,http://actress.dmm.co.jp/-/detail/=/actress_id=28124/,http://pics.dmm.co.jp/mono/actjpgs/aito_yuuki.jpg,1989年3月30日,おひつじ座,AB,T153cm B84cm(Cカップ) W58cm H84cm,----,バイオリン♪、料理、ショッピング
あいだゆき,あいだゆき,http://actress.dmm.co.jp/-/detail/=/actress_id=23931/,http://pics.dmm.co.jp/mono/actjpgs/aida_yuki2.jpg,----,----,----,T158cm B90cm(Gカップ),----,----
相田ゆりあ,あいだゆりあ,http://actress.dmm.co.jp/-/detail/=/actress_id=20997/,http://pics.dmm.co.jp/mono/actjpgs/aida_yuria.jpg,----,----,----,----,----,----
愛嶋リーナ,あいしまりーな,http://actress.dmm.co.jp/-/detail/=/actress_id=21161/,http://pics.dmm.co.jp/mono/actjpgs/aisima_rina.jpg,1986年8月6日,しし座,A,T155cm B83cm W53cm H81cm,東京都,買い物
逢田みなみ,あいだみなみ,http://actress.dmm.co.jp/-/detail/=/actress_id=1020495/,http://pics.dmm.co.jp/mono/actjpgs/aida_minami.jpg,----,----,----,----,----,----
相田紗耶香,あいださやか,http://actress.dmm.co.jp/-/detail/=/actress_id=23512/,http://pics.dmm.co.jp/mono/actjpgs/aida_sayaka.jpg,1988年3月5日,うお座,----,T163cm B88cm W58cm H87cm,----,料理、タイピング
相奈さゆき,あいなさゆき,http://actress.dmm.co.jp/-/detail/=/actress_id=1013203/,http://pics.dmm.co.jp/mono/actjpgs/aina_sayuki.jpg,----,----,----,----,----,----
愛那梨華,あいなりか,http://actress.dmm.co.jp/-/detail/=/actress_id=28497/,http://pics.dmm.co.jp/mono/actjpgs/aina_rika.jpg,----,----,----,T165cm B85cm W59cm H88cm,----,----
愛瀬美希,あいせみき,http://actress.dmm.co.jp/-/detail/=/actress_id=1038570/,http://pics.dmm.co.jp/mono/actjpgs/aise_miki.jpg,1996年11月11日,さそり座,O,T151cm B80cm(Dカップ) W56cm H85cm,東京都,旅行、カラオケ
相田ななこ,あいだななこ,http://actress.dmm.co.jp/-/detail/=/actress_id=1004666/,http://pics.dmm.co.jp/mono/actjpgs/aida_nanako.jpg,----,----,----,----,----,----
愛樹るい,あいじゅるい,http://actress.dmm.co.jp/-/detail/=/actress_id=22557/,http://pics.dmm.co.jp/mono/actjpgs/aizyu_rui.jpg,----,----,----,T154cm B98cm(Iカップ) W65cm H90cm,----,----
愛田正子,あいだまさこ,http://actress.dmm.co.jp/-/detail/=/actress_id=28260/,http://pics.dmm.co.jp/mono/actjpgs/aida_masako.jpg,----,----,----,T158cm W75cm H108cm,----,----
相島奈央,あいじまなお,http://actress.dmm.co.jp/-/detail/=/actress_id=1013401/,http://pics.dmm.co.jp/mono/actjpgs/aizima_nao.jpg,1998年12月8日,いて座,----,----,----,お出かけ、水泳
相田紀子,あいだのりこ,http://actress.dmm.co.jp/-/detail/=/actress_id=13079/,http://pics.dmm.co.jp/mono/actjpgs/aida_noriko.jpg,----,----,----,T158cm B95cm(Eカップ) W65cm H90cm,----,----
あいださくら,あいださくら,http://actress.dmm.co.jp/-/detail/=/actress_id=27815/,http://pics.dmm.co.jp/mono/actjpgs/aida_sakura2.jpg,1991年4月18日,おひつじ座,B,T162cm B83cm(Cカップ) W58cm H85cm,東京都,映画観賞、音楽鑑賞、英会話、読書、独学ダンス
相澤リナ,あいざわりな,http://actress.dmm.co.jp/-/detail/=/actress_id=1005358/,http://pics.dmm.co.jp/mono/actjpgs/aizawa_rina.jpg,1990年3月24日,おひつじ座,A,T152cm B88cm(Gカップ) W56cm H82cm,東京都,カラオケ、新体操
愛染恭子（青山涼子）（あいぞめきょうこ,あおやまりょうこ）,http://actress.dmm.co.jp/-/detail/=/actress_id=236/,http://pics.dmm.co.jp/mono/actjpgs/aizome_kyouko.jpg,1957年2月9日,みずがめ座,B,T161cm B85cm(Dカップ) W60cm H88cm,千葉県,----
愛沢蓮,あいざわれん,http://actress.dmm.co.jp/-/detail/=/actress_id=27246/,http://pics.dmm.co.jp/mono/actjpgs/aizawa_ren.jpg,1986年5月12日,おうし座,O,T163cm B86cm(Dカップ) W55cm H84cm,福岡県,水泳、バスケットボール
逢月はるな,あいつきはるな,http://actress.dmm.co.jp/-/detail/=/actress_id=1030055/,http://pics.dmm.co.jp/mono/actjpgs/aituki_haruna.jpg,----,----,----,----,----,----
愛田るか,あいだるか,http://actress.dmm.co.jp/-/detail/=/actress_id=238/,http://pics.dmm.co.jp/mono/actjpgs/aida_ruka.jpg,1971年9月4日,おとめ座,A,T163cm B88cm(Dカップ) W60cm H90cm,神奈川県,音楽鑑賞
愛代さやか,あいしろさやか,http://actress.dmm.co.jp/-/detail/=/actress_id=1016521/,http://pics.dmm.co.jp/mono/actjpgs/aisiro_sayaka.jpg,----,----,----,----,----,----
相澤ゆりな,あいざわゆりな,http://actress.dmm.co.jp/-/detail/=/actress_id=1032628/,http://pics.dmm.co.jp/mono/actjpgs/aizawa_yurina.jpg,1995年6月11日,ふたご座,B,T148cm B87cm W58cm H83cm,----,計算（簿記1級）
愛音麻友,あいねまゆ,http://actress.dmm.co.jp/-/detail/=/actress_id=1008806/,http://pics.dmm.co.jp/mono/actjpgs/aine_mayu.jpg,----,----,----,T162cm B83cm(Cカップ) W60cm H84cm,----,買い物
逢沢るる,あいざわるる,http://actress.dmm.co.jp/-/detail/=/actress_id=1028031/,http://pics.dmm.co.jp/mono/actjpgs/aizawa_ruru.jpg,----,----,----,----,----,----
相沢恋,あいざわれん,http://actress.dmm.co.jp/-/detail/=/actress_id=1015385/,http://pics.dmm.co.jp/mono/actjpgs/aizawa_ren2.jpg,----,----,----,T168cm B83cm W58cm H84cm,----,----
愛田奈々,あいだなな,http://actress.dmm.co.jp/-/detail/=/actress_id=1011366/,http://pics.dmm.co.jp/mono/actjpgs/aida_nana.jpg,----,----,----,T166cm B83cm(Eカップ) W60cm H89cm,----,----
愛音まひろ,あいねまひろ,http://actress.dmm.co.jp/-/detail/=/actress_id=29981/,http://pics.dmm.co.jp/mono/actjpgs/aine_mahiro.jpg,1991年1月17日,やぎ座,A,T148cm B83cm(Cカップ) W59cm H83cm,北海道,カラオケ、お菓子作り、ピアノ、フルート、歌
あいだゆあ,あいだゆあ,http://actress.dmm.co.jp/-/detail/=/actress_id=8704/,http://pics.dmm.co.jp/mono/actjpgs/aida_yua.jpg,1984年8月12日,しし座,O,T157cm B88cm(Eカップ) W57cm H87cm,愛知県,テニス、油絵
愛菜りな,あいなりな,http://actress.dmm.co.jp/-/detail/=/actress_id=23694/,http://pics.dmm.co.jp/mono/actjpgs/aina_rina.jpg,1986年8月29日,おとめ座,----,T153cm B88cm(Eカップ) W58cm H86cm,千葉県,----
愛須心亜,あいすここあ,http://actress.dmm.co.jp/-/detail/=/actress_id=1020522/,http://pics.dmm.co.jp/mono/actjpgs/aisu_kokoa.jpg,1995年3月15日,うお座,----,T143cm B82cm(Eカップ) W62cm H88cm,山形県,カラオケ、ボーリング
愛野深雪,あいのみゆき,http://actress.dmm.co.jp/-/detail/=/actress_id=1033111/,http://pics.dmm.co.jp/mono/actjpgs/aino_miyuki.jpg,----,----,----,T161cm B86cm(Fカップ) W58cm H90cm,----,----
愛乃花菜,あいのはな,http://actress.dmm.co.jp/-/detail/=/actress_id=1031212/,http://pics.dmm.co.jp/mono/actjpgs/aino_hana.jpg,----,----,----,----,----,----
藍原妃美香,あいはらひみか,http://actress.dmm.co.jp/-/detail/=/actress_id=8598/,http://pics.dmm.co.jp/mono/actjpgs/aihara_himika.jpg,----,----,----,----,----,----
愛原ゆずな,あいはらゆずな,http://actress.dmm.co.jp/-/detail/=/actress_id=1038586/,http://pics.dmm.co.jp/mono/actjpgs/aihara_yuzuna.jpg,----,----,----,----,----,----
相原由奈,あいはらゆな,http://actress.dmm.co.jp/-/detail/=/actress_id=1029539/,http://pics.dmm.co.jp/mono/actjpgs/aihara_yuna.jpg,----,----,----,----,----,----
相葉みりあ,あいばみりあ,http://actress.dmm.co.jp/-/detail/=/actress_id=1013652/,http://pics.dmm.co.jp/mono/actjpgs/aiba_miria.jpg,----,----,----,----,----,----
相原久美,あいはらくみ,http://actress.dmm.co.jp/-/detail/=/actress_id=9563/,http://pics.dmm.co.jp/mono/actjpgs/aihara_kumi.jpg,1967年1月11日,やぎ座,----,----,----,----
藍乃りこ,あいのりこ,http://actress.dmm.co.jp/-/detail/=/actress_id=1006004/,http://pics.dmm.co.jp/mono/actjpgs/aino_riko.jpg,----,----,----,T172cm B111cm(Iカップ) W66cm H92cm,大分県,----
藍原真里,あいはらまり,http://actress.dmm.co.jp/-/detail/=/actress_id=1029034/,http://pics.dmm.co.jp/mono/actjpgs/aihara_mari.jpg,----,----,----,----,----,----
藍原佐理衣,あいはらさりい,http://actress.dmm.co.jp/-/detail/=/actress_id=1025042/,http://pics.dmm.co.jp/mono/actjpgs/aihara_sarii.jpg,----,----,----,----,----,----
あいの美羽,あいのみゆう,http://actress.dmm.co.jp/-/detail/=/actress_id=1032996/,http://pics.dmm.co.jp/mono/actjpgs/aino_miyuu.jpg,1996年10月28日,さそり座,A,T157cm B83cm(Dカップ) W59cm H84cm,千葉県,映画、バドミントン
相原リサ,あいはらりさ,http://actress.dmm.co.jp/-/detail/=/actress_id=2032/,http://pics.dmm.co.jp/mono/actjpgs/aihara_risa.jpg,1976年4月28日,おうし座,B,T160cm B83cm(Cカップ) W58cm H88cm,東京都,音楽鑑賞
相葉りな,あいばりな,http://actress.dmm.co.jp/-/detail/=/actress_id=1029372/,http://pics.dmm.co.jp/mono/actjpgs/aiba_rina.jpg,----,----,----,T148cm,----,----
愛原エレナ,あいはらえれな,http://actress.dmm.co.jp/-/detail/=/actress_id=1009914/,http://pics.dmm.co.jp/mono/actjpgs/aihara_erena.jpg,1985年4月6日,おひつじ座,O,T153cm B84cm(Cカップ) W58cm H83cm,京都府,----
愛葉ゆうき,あいばゆうき,http://actress.dmm.co.jp/-/detail/=/actress_id=5921/,http://pics.dmm.co.jp/mono/actjpgs/aiba_yuuki.jpg,----,----,----,----,----,----
愛羽なな,あいばなな,http://actress.dmm.co.jp/-/detail/=/actress_id=1039406/,http://pics.dmm.co.jp/mono/actjpgs/aiba_nana.jpg,----,----,----,----,----,----
相原留美,あいはらるみ,http://actress.dmm.co.jp/-/detail/=/actress_id=2039/,http://pics.dmm.co.jp/mono/actjpgs/aihara_rumi.jpg,1979年6月20日,ふたご座,O,B86cm W60cm H88cm,----,ショッピング、油絵
愛葉りり,あいばりり,http://actress.dmm.co.jp/-/detail/=/actress_id=1039403/,http://pics.dmm.co.jp/mono/actjpgs/aiba_riri.jpg,----,----,----,T161cm B87cm(Gカップ) W59cm H88cm,高知県,読書,カラオケ/
愛原純（相原純子、愛原順子）（あいはらじゅん,あいはらじゅんこ）,http://actress.dmm.co.jp/-/detail/=/actress_id=8206/,http://pics.dmm.co.jp/mono/actjpgs/aihara_zyun.jpg,----,----,----,----,----,----
相原夏海,あいはらなつみ,http://actress.dmm.co.jp/-/detail/=/actress_id=2034/,http://pics.dmm.co.jp/mono/actjpgs/aihara_natumi.jpg,1980年10月10日,てんびん座,B,T159cm B86cm(Dカップ) W58cm H87cm,千葉県,動物と遊ぶこと
愛葉るりか,あいばるりか,http://actress.dmm.co.jp/-/detail/=/actress_id=1025074/,http://pics.dmm.co.jp/mono/actjpgs/aiba_rurika.jpg,----,----,----,----,----,----
愛原莉央,あいはらりお,http://actress.dmm.co.jp/-/detail/=/actress_id=1970/,http://pics.dmm.co.jp/mono/actjpgs/aihara_rio.jpg,----,----,----,B85cm W58cm H88cm,----,----
相原千恵子,あいはらちえこ,http://actress.dmm.co.jp/-/detail/=/actress_id=21958/,http://pics.dmm.co.jp/mono/actjpgs/aihara_tieko.jpg,----,----,----,----,----,----
愛葉みう,あいばみう,http://actress.dmm.co.jp/-/detail/=/actress_id=1014549/,http://pics.dmm.co.jp/mono/actjpgs/aiba_miu.jpg,1989年4月28日,おうし座,O,T145cm B82cm(Cカップ) W55cm H80cm,神奈川県,ネイル
相原りお,あいはらりお,http://actress.dmm.co.jp/-/detail/=/actress_id=1005112/,http://pics.dmm.co.jp/mono/actjpgs/aihara_rio2.jpg,----,----,----,----,----,----
愛葉悠,あいばゆう,http://actress.dmm.co.jp/-/detail/=/actress_id=20775/,http://pics.dmm.co.jp/mono/actjpgs/aiba_yuu2.jpg,1986年11月12日,さそり座,----,T157cm B95cm(Gカップ) W58cm H84cm,東京都,ショッピング、お菓子作り
相原涼,あいはらりょう,http://actress.dmm.co.jp/-/detail/=/actress_id=2040/,http://pics.dmm.co.jp/mono/actjpgs/aihara_ryou.jpg,1978年6月3日,ふたご座,B,T155cm B90cm(Fカップ) W60cm H87cm,埼玉県,ショッピング
藍野夢,あいのゆめ,http://actress.dmm.co.jp/-/detail/=/actress_id=1010962/,http://pics.dmm.co.jp/mono/actjpgs/aino_yume.jpg,----,----,----,----,----,----
愛乃ララ,あいのらら,http://actress.dmm.co.jp/-/detail/=/actress_id=14168/,http://pics.dmm.co.jp/mono/actjpgs/aino_rara.jpg,1987年2月14日,みずがめ座,B,T154cm B87cm W56cm H82cm,----,ショッピング
逢乃うさぎ,あいのうさぎ,http://actress.dmm.co.jp/-/detail/=/actress_id=2530/,http://pics.dmm.co.jp/mono/actjpgs/aino_usagi.jpg,1983年3月15日,うお座,O,T152cm B87cm(Fカップ) W58cm H85cm,秋田県,ショッピング、映画鑑賞
愛葉るび,あいばるび,http://actress.dmm.co.jp/-/detail/=/actress_id=6995/,http://pics.dmm.co.jp/mono/actjpgs/aiba_rubi.jpg,1982年8月16日,しし座,A,T147cm B83cm(Dカップ) W58cm H85cm,愛媛県,絵、詩、歌
愛原唯,あいはらゆい,http://actress.dmm.co.jp/-/detail/=/actress_id=26289/,http://pics.dmm.co.jp/mono/actjpgs/aihara_yui.jpg,----,----,----,----,----,----
愛乃,あいの,http://actress.dmm.co.jp/-/detail/=/actress_id=1013880/,http://pics.dmm.co.jp/mono/actjpgs/aino.jpg,----,----,O,T163cm B95cm(Hカップ) W62cm H92cm,東京都,料理、お菓子作り/前屈
愛原ゆあ,あいはらゆあ,http://actress.dmm.co.jp/-/detail/=/actress_id=1022918/,http://pics.dmm.co.jp/mono/actjpgs/aihara_yua.jpg,----,----,----,----,----,----
藍原夕妃,あいはらゆうひ,http://actress.dmm.co.jp/-/detail/=/actress_id=15467/,http://pics.dmm.co.jp/mono/actjpgs/aihara_yuuhi.jpg,1983年12月3日,いて座,A,T168cm B87cm W62cm H88cm,----,----
相原梨花,あいはらりか,http://actress.dmm.co.jp/-/detail/=/actress_id=3722/,http://pics.dmm.co.jp/mono/actjpgs/aihara_rika.jpg,1982年7月14日,かに座,A,T156cm B81cm(Dカップ) W58cm H83cm,東京都,格闘技観戦、掃除
愛葉亜希,あいばあき,http://actress.dmm.co.jp/-/detail/=/actress_id=239/,http://pics.dmm.co.jp/mono/actjpgs/aiba_aki.jpg,1981年9月1日,おとめ座,----,T160cm B88cm(Eカップ) W60cm H88cm,----,----
相原ひとみ,あいはらひとみ,http://actress.dmm.co.jp/-/detail/=/actress_id=1022141/,http://pics.dmm.co.jp/mono/actjpgs/aihara_hitomi.jpg,----,----,----,T170cm B90cm W64cm H88cm,----,----
あいの詩,あいのうた,http://actress.dmm.co.jp/-/detail/=/actress_id=25839/,http://pics.dmm.co.jp/mono/actjpgs/aino_uta.jpg,1988年12月12日,いて座,O,T162cm B83cm(Cカップ) W58cm H58cm,----,散歩、映画、ショッピング、茶道、華道
愛原つばさ,あいはらつばさ,http://actress.dmm.co.jp/-/detail/=/actress_id=23783/,http://pics.dmm.co.jp/mono/actjpgs/aihara_tubasa2.jpg,1987年6月24日,かに座,AB,T148cm B85cm W57cm H86cm,----,ボディーボード、英語
相原翼,あいはらつばさ,http://actress.dmm.co.jp/-/detail/=/actress_id=1031923/,http://pics.dmm.co.jp/mono/actjpgs/aihara_tubasa3.jpg,1997年1月25日,みずがめ座,----,T158cm B82cm W56cm H88cm,----,----
愛音ゆり,あいねゆり,http://actress.dmm.co.jp/-/detail/=/actress_id=1001322/,http://pics.dmm.co.jp/mono/actjpgs/aine_yuri.jpg,----,----,----,----,----,----
愛音ゆう,あいねゆう,http://actress.dmm.co.jp/-/detail/=/actress_id=21122/,http://pics.dmm.co.jp/mono/actjpgs/aine_yuu.jpg,----,----,----,T143cm B83cm W55cm H85cm,----,----
相庭ココ,あいばここ,http://actress.dmm.co.jp/-/detail/=/actress_id=1014024/,http://pics.dmm.co.jp/mono/actjpgs/aiba_koko.jpg,1992年8月22日,しし座,O,T163cm B82cm(Cカップ) W57cm H83cm,東京都,食べ歩き、ピアノ
愛原理彩,あいはらりさ,http://actress.dmm.co.jp/-/detail/=/actress_id=11752/,http://pics.dmm.co.jp/mono/actjpgs/aihara_risa2.jpg,1983年8月8日,しし座,A,T165cm B88cm(Dカップ) W60cm H87cm,東京都,----
愛乃ゆな,あいのゆな,http://actress.dmm.co.jp/-/detail/=/actress_id=1014470/,http://pics.dmm.co.jp/mono/actjpgs/aino_yuna.jpg,----,----,----,T164cm B90cm(Fカップ) W60cm H93cm,----,----
愛原千咲,あいはらちさき,http://actress.dmm.co.jp/-/detail/=/actress_id=4067/,http://pics.dmm.co.jp/mono/actjpgs/aihara_tisaki.jpg,1982年12月6日,いて座,B,T155cm B78cm W56cm H80cm,千葉県,漫画を描くこと
相原れな（三浦加奈、篠原リョウ）（あいはられな,みうらかな、しのはらりょう）,http://actress.dmm.co.jp/-/detail/=/actress_id=1001635/,http://pics.dmm.co.jp/mono/actjpgs/miura_kana.jpg,1989年2月27日,うお座,----,T175cm B86cm W59cm H87cm,----,カラオケ、ショッピング、料理
相葉レイカ,あいばれいか,http://actress.dmm.co.jp/-/detail/=/actress_id=1016966/,http://pics.dmm.co.jp/mono/actjpgs/aiba_reika.jpg,1992年2月7日,みずがめ座,A,T150cm B82cm(Bカップ) W59cm H85cm,神奈川県,ショッピング、ネイル
愛原さえ,あいはらさえ,http://actress.dmm.co.jp/-/detail/=/actress_id=1008968/,http://pics.dmm.co.jp/mono/actjpgs/aihara_sae.jpg,1989年11月9日,さそり座,----,T165cm B87cm(Fカップ) W60cm H89cm,----,野球観戦
あいみ沙希,あいみさき,http://actress.dmm.co.jp/-/detail/=/actress_id=1006902/,http://pics.dmm.co.jp/mono/actjpgs/aimi_saki.jpg,----,----,----,----,----,----
愛武千春,あいぶちはる,http://actress.dmm.co.jp/-/detail/=/actress_id=1019851/,http://pics.dmm.co.jp/mono/actjpgs/aibu_tiharu.jpg,1988年2月14日,みずがめ座,----,T165cm B88cm(Eカップ) W59cm H90cm,千葉県,料理、読書
あいむ咲羅,あいむさら,http://actress.dmm.co.jp/-/detail/=/actress_id=1029209/,http://pics.dmm.co.jp/mono/actjpgs/aimu_sara.jpg,1994年7月30日,しし座,----,T161cm B83cm(Fカップ) W58cm H80cm,----,----
蒼井梢,あおいこずえ,http://actress.dmm.co.jp/-/detail/=/actress_id=15482/,http://pics.dmm.co.jp/mono/actjpgs/aoi_kozue.jpg,----,----,----,----,----,----
青井加奈,あおいかな,http://actress.dmm.co.jp/-/detail/=/actress_id=1839/,http://pics.dmm.co.jp/mono/actjpgs/aoi_kana.jpg,----,----,----,----,----,----
藍井エミリ,あおいえみり,http://actress.dmm.co.jp/-/detail/=/actress_id=1029440/,http://pics.dmm.co.jp/mono/actjpgs/aoi_emiri.jpg,----,----,----,----,----,----
愛みこ,あいみこ,http://actress.dmm.co.jp/-/detail/=/actress_id=16675/,http://pics.dmm.co.jp/mono/actjpgs/ai_miko.jpg,1984年2月22日,うお座,A,T158cm B85cm(Dカップ) W58cm H88cm,埼玉県,音楽鑑賞、書道三段
碧衣咲南,あおいさな,http://actress.dmm.co.jp/-/detail/=/actress_id=6398/,http://pics.dmm.co.jp/mono/actjpgs/aoi_sana.jpg,----,----,----,----,----,----
愛心,あいみ,http://actress.dmm.co.jp/-/detail/=/actress_id=1013236/,http://pics.dmm.co.jp/mono/actjpgs/aimi.jpg,----,----,----,----,----,----
蒼井楓,あおいかえで,http://actress.dmm.co.jp/-/detail/=/actress_id=1023460/,http://pics.dmm.co.jp/mono/actjpgs/aoi_kaede.jpg,1993年8月11日,しし座,----,B95cm(Hカップ) W56cm H86cm,埼玉県,お菓子作り・旅行
蒼すみれ,あおいすみれ,http://actress.dmm.co.jp/-/detail/=/actress_id=1025542/,http://pics.dmm.co.jp/mono/actjpgs/aoi_sumire.jpg,----,----,----,T158cm B85cm(Eカップ) W60cm H88cm,----,----
蒼井朱里,あおいじゅり,http://actress.dmm.co.jp/-/detail/=/actress_id=1031478/,http://pics.dmm.co.jp/mono/actjpgs/aoi_zyuri.jpg,----,----,----,----,----,----
葵うた,あおいうた,http://actress.dmm.co.jp/-/detail/=/actress_id=1041903/,http://pics.dmm.co.jp/mono/actjpgs/aoi_uta.jpg,----,----,----,----,----,----
AIRA,あいら,http://actress.dmm.co.jp/-/detail/=/actress_id=11086/,http://pics.dmm.co.jp/mono/actjpgs/aira.jpg,1985年6月12日,ふたご座,----,T157cm B85cm(Dカップ) W58cm H85cm,愛媛県,----
愛流星奈,あいるせな,http://actress.dmm.co.jp/-/detail/=/actress_id=1011632/,http://pics.dmm.co.jp/mono/actjpgs/airu_sena.jpg,----,----,----,----,----,----
あおい,あおい,http://actress.dmm.co.jp/-/detail/=/actress_id=1013132/,http://pics.dmm.co.jp/mono/actjpgs/aoi5.jpg,----,----,----,----,----,セックス
蒼井ちなつ,あおいちなつ,http://actress.dmm.co.jp/-/detail/=/actress_id=1000056/,http://pics.dmm.co.jp/mono/actjpgs/aoi_chinatsu.jpg,1989年1月27日,みずがめ座,O,T157cm B85cm(Dカップ) W57cm H84cm,----,自転車でお散歩♪
あいり＆めいり,あいり＆めいり,http://actress.dmm.co.jp/-/detail/=/actress_id=15461/,http://pics.dmm.co.jp/mono/actjpgs/airi_meiri.jpg,1985年3月31日,おひつじ座,----,----,----,----
相本みき,あいもとみき,http://actress.dmm.co.jp/-/detail/=/actress_id=1034083/,http://pics.dmm.co.jp/mono/actjpgs/aimoto_miki.jpg,----,----,----,----,----,----
愛玲,あいりん,http://actress.dmm.co.jp/-/detail/=/actress_id=21021/,http://pics.dmm.co.jp/mono/actjpgs/airin2.jpg,1988年10月10日,てんびん座,AB,T157cm B86cm(Fカップ) W60cm H87cm,----,水泳
愛本美穂,あいもとみほ,http://actress.dmm.co.jp/-/detail/=/actress_id=4468/,http://pics.dmm.co.jp/mono/actjpgs/aimoto_miho.jpg,1973年2月1日,みずがめ座,O,T149cm B80cm W58cm H80cm,----,----
airu,あいる,http://actress.dmm.co.jp/-/detail/=/actress_id=1014003/,http://pics.dmm.co.jp/mono/actjpgs/airu.jpg,----,----,A,T160cm B85cm(Fカップ) W56cm H83cm,----,カラオケ、ピアノ
あおい桜子,あおいさくらこ,http://actress.dmm.co.jp/-/detail/=/actress_id=21652/,http://pics.dmm.co.jp/mono/actjpgs/aoi_sakurako.jpg,----,----,----,----,----,----
葵あげは,あおいあげは,http://actress.dmm.co.jp/-/detail/=/actress_id=10768/,http://pics.dmm.co.jp/mono/actjpgs/aoi_ageha.jpg,1982年8月22日,しし座,O,T155cm B85cm(Cカップ) W59cm H87cm,福島県,フェンシング
あいみ,あいみ,http://actress.dmm.co.jp/-/detail/=/actress_id=1006800/,http://pics.dmm.co.jp/mono/actjpgs/aimi3.jpg,----,----,----,----,----,----
愛里るい,あいりるい,http://actress.dmm.co.jp/-/detail/=/actress_id=1038572/,http://pics.dmm.co.jp/mono/actjpgs/airi_rui.jpg,1997年10月24日,さそり座,B,T156cm B85cm(Dカップ) W60cm H88cm,静岡県,旅行
藍ゆうき,あいゆうき,http://actress.dmm.co.jp/-/detail/=/actress_id=10832/,http://pics.dmm.co.jp/mono/actjpgs/ai_yuuki.jpg,1984年11月11日,さそり座,A,T161cm B83cm(Bカップ) W57cm H85cm,東京都,ダンス、新体操
相武梨沙,あいぶりさ,http://actress.dmm.co.jp/-/detail/=/actress_id=3771/,http://pics.dmm.co.jp/mono/actjpgs/aibu_risa.jpg,----,----,----,----,神奈川県,----
葵えり,あおいえり,http://actress.dmm.co.jp/-/detail/=/actress_id=1003751/,http://pics.dmm.co.jp/mono/actjpgs/aoi_eri.jpg,1991年3月3日,うお座,B,T158cm B87cm(Gカップ) W57cm H88cm,----,マンガ・ゲーム
愛梨,あいり,http://actress.dmm.co.jp/-/detail/=/actress_id=1020499/,http://pics.dmm.co.jp/mono/actjpgs/airi3.jpg,----,----,----,----,----,----
蒼井さくら,あおいさくら,http://actress.dmm.co.jp/-/detail/=/actress_id=1022584/,http://pics.dmm.co.jp/mono/actjpgs/aoi_sakura.jpg,----,----,----,T162cm B93cm(Fカップ) W57cm H88cm,----,----
葵あかね,あおいあかね,http://actress.dmm.co.jp/-/detail/=/actress_id=242/,http://pics.dmm.co.jp/mono/actjpgs/aoi_akane.jpg,1981年1月23日,みずがめ座,O,B88cm(Eカップ) W61cm H90cm,----,ショッピング、読書、水泳
あいら,あいら,http://actress.dmm.co.jp/-/detail/=/actress_id=18172/,http://pics.dmm.co.jp/mono/actjpgs/aira2.jpg,1985年1月17日,やぎ座,----,T156cm B84cm(Dカップ) W60cm H84cm,静岡県,----
愛間みるく,あいまみるく,http://actress.dmm.co.jp/-/detail/=/actress_id=23949/,http://pics.dmm.co.jp/mono/actjpgs/aima_miruku.jpg,1989年2月17日,みずがめ座,O,T166cm B82cm W59cm H95cm,----,----
葵なつ,あおいなつ,http://actress.dmm.co.jp/-/detail/=/actress_id=1010963/,http://pics.dmm.co.jp/mono/actjpgs/aoi_natu.jpg,1992年8月5日,しし座,AB,T157cm B88cm(Eカップ) W58cm H86cm,山形県,人間観察、バドミントン
愛里ひな,あいりひな,http://actress.dmm.co.jp/-/detail/=/actress_id=22301/,http://pics.dmm.co.jp/mono/actjpgs/airi_hina.jpg,1988年11月28日,いて座,A,T151cm B86cm(Dカップ) W59cm H87cm,----,----
あいりみく,あいりみく,http://actress.dmm.co.jp/-/detail/=/actress_id=1005191/,http://pics.dmm.co.jp/mono/actjpgs/airi_miku.jpg,1991年7月14日,かに座,A,T152cm B85cm(Dカップ) W56cm H85cm,----,音楽鑑賞
葵,あおい,http://actress.dmm.co.jp/-/detail/=/actress_id=1026934/,http://pics.dmm.co.jp/mono/actjpgs/aoi7.jpg,1994年12月3日,いて座,----,T160cm B92cm(Hカップ) W58cm H88cm,----,----
愛璃みい,あいりみい,http://actress.dmm.co.jp/-/detail/=/actress_id=28000/,http://pics.dmm.co.jp/mono/actjpgs/airi_mii.jpg,----,----,----,B83cm(Cカップ) W55cm H83cm,----,----
愛実れい,あいみれい,http://actress.dmm.co.jp/-/detail/=/actress_id=1021177/,http://pics.dmm.co.jp/mono/actjpgs/aimi_rei.jpg,1991年12月21日,いて座,----,T160cm B87cm W54cm H85cm,神奈川県,料理（お菓子作り）、ピアノ
葵ちひろ,あおいちひろ,http://actress.dmm.co.jp/-/detail/=/actress_id=29980/,http://pics.dmm.co.jp/mono/actjpgs/aoi_tihiro.jpg,1990年11月11日,さそり座,A,T145cm B78cm(Cカップ) W52cm H75cm,東京都,DVD鑑賞、散歩、お菓子作り
葵千恵,あおいちえ,http://actress.dmm.co.jp/-/detail/=/actress_id=1030054/,http://pics.dmm.co.jp/mono/actjpgs/aoi_tie.jpg,----,----,----,----,----,----
青井いちご,あおいいちご,http://actress.dmm.co.jp/-/detail/=/actress_id=1021911/,http://pics.dmm.co.jp/mono/actjpgs/aoi_itigo.jpg,1995年1月13日,やぎ座,A,T143cm B78cm(Bカップ) W57cm H82cm,千葉県,ゲーム
葵紫穂,あおいしほ,http://actress.dmm.co.jp/-/detail/=/actress_id=1026768/,http://pics.dmm.co.jp/mono/actjpgs/aoi_siho.jpg,----,----,----,----,----,----
葵つかさ,あおいつかさ,http://actress.dmm.co.jp/-/detail/=/actress_id=1006229/,http://pics.dmm.co.jp/mono/actjpgs/aoi_tukasa.jpg,1990年8月14日,しし座,O,T163cm B88cm(Eカップ) W58cm H86cm,大阪府,ジョギング、ジャズ鑑賞、アルトサックス、ピアノ、一輪車
愛実（秋川ルイ）（あいみ,あきかわるい）,http://actress.dmm.co.jp/-/detail/=/actress_id=24097/,http://pics.dmm.co.jp/mono/actjpgs/akikawa_rui.jpg,1988年8月28日,おとめ座,A,T155cm B103cm(Jカップ) W60cm H88cm,大阪府,----
あいぶらん（蜜井とわ）（あいぶらん,みついとわ）,http://actress.dmm.co.jp/-/detail/=/actress_id=23343/,http://pics.dmm.co.jp/mono/actjpgs/mitui_towa.jpg,1988年6月21日,ふたご座,A,T151cm B103cm(Jカップ) W61cm H88cm,大阪府,柔道2段、英検3級、漢検3級
蒼井そら,あおいそら,http://actress.dmm.co.jp/-/detail/=/actress_id=3996/,http://pics.dmm.co.jp/mono/actjpgs/aoi_sora.jpg,1983年11月11日,さそり座,B,T155cm B90cm(Gカップ) W58cm H83cm,東京都,映画鑑賞、500円貯金、居合道、グラフィティアート
葵こはる（えりか）,あおいこはる,http://actress.dmm.co.jp/-/detail/=/actress_id=1018507/,http://pics.dmm.co.jp/mono/actjpgs/aoi_koharu.jpg,----,----,----,----,----,----
Ai,あい,http://actress.dmm.co.jp/-/detail/=/actress_id=1037568/,http://pics.dmm.co.jp/mono/actjpgs/ai.jpg,----,----,----,----,----,----
Ai,あい,http://actress.dmm.co.jp/-/detail/=/actress_id=1037568/,http://pics.dmm.co.jp/mono/actjpgs/ai.jpg,----,----,----,----,----,----
actress_id=1037568/,1037568,Ai,あい,http://actress.dmm.co.jp/-/detail/=/actress_id=1037568/,http://pics.dmm.co.jp/mono/actjpgs/ai.jpg,----,----,----,----,----,----
1037568,Ai,あい,http://actress.dmm.co.jp/-/detail/=/actress_id=1037568/,http://pics.dmm.co.jp/mono/actjpgs/ai.jpg,----,----,----,----,----,----
1008423,愛内ゆず,あいうちゆず,http://pics.dmm.co.jp/mono/actjpgs/aiuti_yuzu.jpg,----,----,----,----,----,----
1004850,相内しおり,あいうちしおり,http://pics.dmm.co.jp/mono/actjpgs/aiuti_siori.jpg,1990年11月6日,さそり座,B,T161cm B85cm(Dカップ) W58cm H88cm,新潟県,手芸、裁縫、料理
228,愛川ひかる,あいかわひかる,http://pics.dmm.co.jp/mono/actjpgs/aikawa_hikaru.jpg,----,----,----,----,----,----
234,愛川智佐,あいかわちさ,http://pics.dmm.co.jp/mono/actjpgs/aikawa_tisa.jpg,----,----,----,----,----,----
1027129,愛川ななみ,あいかわななみ,http://pics.dmm.co.jp/mono/actjpgs/aikawa_nanami.jpg,----,----,----,----,----,----
229,愛川ひな,あいかわひな,http://pics.dmm.co.jp/mono/actjpgs/aikawa_hina.jpg,----,----,----,B83cm W57cm H85cm,----,----
1026935,愛香まゆ,あいかまゆ,http://pics.dmm.co.jp/mono/actjpgs/aika_mayu.jpg,----,----,----,T166cm B88cm(Fカップ) W59cm H86cm,----,----
8900,相川優菜,あいかわゆうな,http://pics.dmm.co.jp/mono/actjpgs/aikawa_yuuna.jpg,1984年9月25日,てんびん座,A,B84cm W59cm H83cm,----,お菓子づくり、ネイルアート
1037568,Ai,あい,http://pics.dmm.co.jp/mono/actjpgs/ai.jpg,----,----,----,----,----,----
20518,相川純菜,あいかわじゅんな,http://pics.dmm.co.jp/mono/actjpgs/aikawa_zyunna.jpg,----,----,----,B87cm W60cm H88cm,----,----
4537,愛内るい,あいうちるい,http://pics.dmm.co.jp/mono/actjpgs/aiuti_rui.jpg,1982年8月8日,しし座,O,T154cm B83cm W60cm H85cm,----,料理
11921,愛内萌,あいうちもえ,http://pics.dmm.co.jp/mono/actjpgs/aiuti_moe.jpg,1981年12月1日,いて座,A,T165cm B86cm W56cm H82cm,東京都,----
14603,相川奈々,あいかわなな,http://pics.dmm.co.jp/mono/actjpgs/aikawa_nana.jpg,1984年7月15日,かに座,B,T168cm B86cm(Eカップ) W60cm H90cm,----,音楽鑑賞、料理
1032111,あいか莉乃,あいかりの,http://pics.dmm.co.jp/mono/actjpgs/aika_rino.jpg,----,----,----,----,----,----
26617,愛内あみ,あいうちあみ,http://pics.dmm.co.jp/mono/actjpgs/aiuti_ami.jpg,1987年12月15日,いて座,----,T152cm B92cm(Eカップ) W59cm H88cm,静岡県,音楽鑑賞
16930,愛川紗季,あいかわさき,http://pics.dmm.co.jp/mono/actjpgs/aikawa_saki2.jpg,1984年4月19日,おひつじ座,O,T170cm B86cm(Dカップ) W58cm H86cm,千葉県,ショッピング、お菓子作り
231,愛川香織,あいかわかおり,http://pics.dmm.co.jp/mono/actjpgs/aikawa_kaori.jpg,1976年9月27日,てんびん座,----,T168cm B86cm(Cカップ) W60cm H85cm,----,お菓子づくり
29817,愛川セイラ,あいかわせいら,http://pics.dmm.co.jp/mono/actjpgs/aikawa_seira.jpg,----,----,----,T163cm B93cm W60cm H87cm,----,----
1010105,愛内ゆう,あいうちゆう,http://pics.dmm.co.jp/mono/actjpgs/aiuti_yuu.jpg,----,----,----,T160cm B85cm(Iカップ) W57cm H86cm,----,----
1003963,愛内まほ,あいうちまほ,http://pics.dmm.co.jp/mono/actjpgs/aiuti_maho.jpg,----,----,----,----,----,----
1018147,あいかりん,あいかりん,http://pics.dmm.co.jp/mono/actjpgs/aikarin.jpg,1993年11月3日,さそり座,----,T158cm B80cm W60cm H82cm,----,----
2044,相川みほ,あいかわみほ,http://pics.dmm.co.jp/mono/actjpgs/aikawa_miho.jpg,----,----,----,----,----,----
1010957,愛川めい,あいかわめい,http://pics.dmm.co.jp/mono/actjpgs/aikawa_mei.jpg,----,----,----,----,----,----
4857,愛川さち,あいかわさち,http://pics.dmm.co.jp/mono/actjpgs/aikawa_sati.jpg,----,----,----,B88cm W58cm H80cm,----,----
1019320,愛果,あいか,http://pics.dmm.co.jp/mono/actjpgs/aika4.jpg,----,----,----,----,----,----
1019321,相内つかさ,あいうちつかさ,http://pics.dmm.co.jp/mono/actjpgs/aiuti_tukasa.jpg,----,----,----,T162cm B100cm(Hカップ) W64cm H93cm,----,----
1032223,愛華みれい,あいかみれい,http://pics.dmm.co.jp/mono/actjpgs/aika_mirei.jpg,----,----,----,----,----,----
2047,相川未稀,あいかわみき,http://pics.dmm.co.jp/mono/actjpgs/aikawa_miki.jpg,1979年1月23日,みずがめ座,A,B80cm W62cm H85cm,----,料理、カラオケ
1001201,愛川みう,あいかわみう,http://pics.dmm.co.jp/mono/actjpgs/aikawa_miu.jpg,1988年12月24日,やぎ座,O,T162cm B94cm(Hカップ) W58cm H86cm,千葉県,ショッピング、体が柔らかいこと
1036944,愛川はる,あいかわはる,http://pics.dmm.co.jp/mono/actjpgs/aikawa_haru.jpg,----,----,----,----,----,----
1036804,藍川美夏,あいかわみか,http://pics.dmm.co.jp/mono/actjpgs/aikawa_mika.jpg,----,----,----,----,----,----
1034870,相川潤,あいかわじゅん,http://pics.dmm.co.jp/mono/actjpgs/aikawa_zyun.jpg,1996年2月23日,うお座,----,B85cm(Fカップ) W57cm H83cm,----,----
21923,藍花（花桐まつり）（あいか,はなぎりまつり）,http://pics.dmm.co.jp/mono/actjpgs/aika2.jpg,1985年5月28日,ふたご座,O,T155cm B87cm(Dカップ) W60cm H87cm,東京都,ショッピング、映画鑑賞
4434,相川まなみ,あいかわまなみ,http://pics.dmm.co.jp/mono/actjpgs/aikawa_manami.jpg,----,----,----,B93cm(Gカップ) W60cm H88cm,----,----
11239,あいか瞬,あいかしゅん,http://pics.dmm.co.jp/mono/actjpgs/aika_syun.jpg,1984年12月8日,いて座,AB,T162cm B87cm(Gカップ) W59cm H86cm,神奈川県,ショッピング
23082,相内リカ,あいうちりか,http://pics.dmm.co.jp/mono/actjpgs/aiuti_rika.jpg,1987年12月11日,いて座,O,T156cm B96cm(Hカップ) W61cm H87cm,東京都,ダンス、I字バランス
1036214,藍川なぎさ,あいかわなぎさ,http://pics.dmm.co.jp/mono/actjpgs/aikawa_nagisa.jpg,----,----,----,T155cm B80cm(Dカップ) W63cm H85cm,----,----
9305,相川みなみ,あいかわみなみ,http://pics.dmm.co.jp/mono/actjpgs/aikawa_minami.jpg,1985年2月22日,うお座,O,T164cm B95cm(Fカップ) W58cm H89cm,神奈川県,音楽鑑賞、お菓子作り
8888,愛香,あいか,http://pics.dmm.co.jp/mono/actjpgs/aika.jpg,----,----,----,----,----,----
30510,愛内梨花,あいうちりんか,http://pics.dmm.co.jp/mono/actjpgs/aiuti_rinka.jpg,1988年3月27日,おひつじ座,AB,T164cm B85cm(Eカップ) W60cm H85cm,静岡県,料理、マッサージ
1012301,愛花沙也,あいかさや,http://pics.dmm.co.jp/mono/actjpgs/aika_saya.jpg,1989年12月18日,いて座,----,T155cm B80cm(Dカップ) W59cm H85cm,東京都,----
14165,愛川由衣,あいかわゆい,http://pics.dmm.co.jp/mono/actjpgs/aikawa_yui2.jpg,1982年1月7日,やぎ座,A,T160cm B87cm(Dカップ) W59cm H88cm,山梨県,お料理　テニス　バスケット、体が柔らかい
5259,相川真由,あいかわまゆ,http://pics.dmm.co.jp/mono/actjpgs/aikawa_mayu.jpg,----,----,----,----,----,----
1027415,愛川未来,あいかわみく,http://pics.dmm.co.jp/mono/actjpgs/aika_miku.jpg,----,----,----,T154cm B84cm(Dカップ) W57cm H88cm,----,----
17803,愛川咲樹,あいかわさき,http://pics.dmm.co.jp/mono/actjpgs/aikawa_saki3.jpg,1970年7月17日,かに座,----,T162cm B88cm(Dカップ) W63cm H90cm,----,----
1105,AIKA（三浦あいか）（あいか,みうらあいか）,http://pics.dmm.co.jp/mono/actjpgs/miura_aika.jpg,1975年11月2日,さそり座,O,T155cm B81cm(Bカップ) W54cm H79cm,神奈川県,ドライブ、スキー、フィッシング
1000341,あいかわ優衣,あいかわゆい,http://pics.dmm.co.jp/mono/actjpgs/aikawa_yui3.jpg,1989年3月8日,うお座,----,T158cm B86cm(Cカップ) W60cm H87cm,東京都,プロレス観戦、英語
1012984,愛内希,あいうちのぞみ,http://pics.dmm.co.jp/mono/actjpgs/aiuti_nozomi.jpg,1992年7月3日,かに座,O,T162cm B80cm(Cカップ) W57cm H83cm,埼玉県,マンガ、ゲーム、映画鑑賞
25929,愛あいり,あいあいり,http://pics.dmm.co.jp/mono/actjpgs/ai_airi.jpg,1984年7月23日,しし座,O,T172cm B110cm(Iカップ) W61cm H90cm,東京都,アロマの香り集め
1008887,AIKA,あいか,http://pics.dmm.co.jp/mono/actjpgs/aika3.jpg,1990年8月25日,おとめ座,O,T163cm B87cm(Eカップ) W60cm H84cm,兵庫県,ダンス,ファッション
1008423,愛内ゆず,あいうちゆず,http://pics.dmm.co.jp/mono/actjpgs/aiuti_yuzu.jpg,----,----,----,----,----,----
1008423,愛内ゆず,あいうちゆず,http://pics.dmm.co.jp/mono/actjpgs/aiuti_yuzu.jpg,----,----,----,----,----,----
1037568,Ai,あい,http://pics.dmm.co.jp/mono/actjpgs/ai.jpg,----,----,----,----,----,----
234,愛川智佐,あいかわちさ,http://pics.dmm.co.jp/mono/actjpgs/aikawa_tisa.jpg,----,----,----,----,----,----
1019320,愛果,あいか,http://pics.dmm.co.jp/mono/actjpgs/aika4.jpg,----,----,----,----,----,----
1008423,愛内ゆず,あいうちゆず,http://pics.dmm.co.jp/mono/actjpgs/aiuti_yuzu.jpg,----,----,----,----,----,----
8888,愛香,あいか,http://pics.dmm.co.jp/mono/actjpgs/aika.jpg,----,----,----,----,----,----
1019320,愛果,あいか,http://pics.dmm.co.jp/mono/actjpgs/aika4.jpg,----,----,----,----,----,----
1008423,愛内ゆず,あいうちゆず,http://pics.dmm.co.jp/mono/actjpgs/aiuti_yuzu.jpg,----,----,----,----,----,----
1037568,Ai,あい,http://pics.dmm.co.jp/mono/actjpgs/ai.jpg,----,----,----,----,----,----
8888,愛香,あいか,http://pics.dmm.co.jp/mono/actjpgs/aika.jpg,----,----,----,----,----,----
1008423,愛内ゆず,あいうちゆず,http://pics.dmm.co.jp/mono/actjpgs/aiuti_yuzu.jpg,----,----,----,----,----,----
1036944,愛川はる,あいかわはる,http://pics.dmm.co.jp/mono/actjpgs/aikawa_haru.jpg,----,----,----,----,----,----
1026935,愛香まゆ,あいかまゆ,http://pics.dmm.co.jp/mono/actjpgs/aika_mayu.jpg,----,----,----,T166cm B88cm(Fカップ) W59cm H86cm,----,----
1008423,愛内ゆず,あいうちゆず,http://pics.dmm.co.jp/mono/actjpgs/aiuti_yuzu.jpg,----,----,----,----,----,----
8888,愛香,あいか,http://pics.dmm.co.jp/mono/actjpgs/aika.jpg,----,----,----,----,----,----
1037568,Ai,あい,http://pics.dmm.co.jp/mono/actjpgs/ai.jpg,----,----,----,----,----,----
8888,愛香,あいか,http://pics.dmm.co.jp/mono/actjpgs/aika.jpg,----,----,----,----,----,----
4537,愛内るい,あいうちるい,http://pics.dmm.co.jp/mono/actjpgs/aiuti_rui.jpg,1982年8月8日,しし座,O,T154cm B83cm W60cm H85cm,----,料理
1008423,愛内ゆず,あいうちゆず,http://pics.dmm.co.jp/mono/actjpgs/aiuti_yuzu.jpg,----,----,----,----,----,----
1037568,Ai,あい,http://pics.dmm.co.jp/mono/actjpgs/ai.jpg,----,----,----,----,----,----
1004850,相内しおり,あいうちしおり,http://pics.dmm.co.jp/mono/actjpgs/aiuti_siori.jpg,1990年11月6日,さそり座,B,T161cm B85cm(Dカップ) W58cm H88cm,新潟県,手芸、裁縫、料理
1019320,愛果,あいか,http://pics.dmm.co.jp/mono/actjpgs/aika4.jpg,----,----,----,----,----,----
234,愛川智佐,あいかわちさ,http://pics.dmm.co.jp/mono/actjpgs/aikawa_tisa.jpg,----,----,----,----,----,----
1027415,愛川未来,あいかわみく,http://pics.dmm.co.jp/mono/actjpgs/aika_miku.jpg,----,----,----,T154cm B84cm(Dカップ) W57cm H88cm,----,----
1026935,愛香まゆ,あいかまゆ,http://pics.dmm.co.jp/mono/actjpgs/aika_mayu.jpg,----,----,----,T166cm B88cm(Fカップ) W59cm H86cm,----,----
1008423,愛内ゆず,あいうちゆず,http://pics.dmm.co.jp/mono/actjpgs/aiuti_yuzu.jpg,----,----,----,----,----,----
1037568,Ai,あい,http://pics.dmm.co.jp/mono/actjpgs/ai.jpg,----,----,----,----,----,----
1019320,愛果,あいか,http://pics.dmm.co.jp/mono/actjpgs/aika4.jpg,----,----,----,----,----,----
1026935,愛香まゆ,あいかまゆ,http://pics.dmm.co.jp/mono/actjpgs/aika_mayu.jpg,----,----,----,T166cm B88cm(Fカップ) W59cm H86cm,----,----
8888,愛香,あいか,http://pics.dmm.co.jp/mono/actjpgs/aika.jpg,----,----,----,----,----,----
4537,愛内るい,あいうちるい,http://pics.dmm.co.jp/mono/actjpgs/aiuti_rui.jpg,1982年8月8日,しし座,O,T154cm B83cm W60cm H85cm,----,料理
234,愛川智佐,あいかわちさ,http://pics.dmm.co.jp/mono/actjpgs/aikawa_tisa.jpg,----,----,----,----,----,----
29817,愛川セイラ,あいかわせいら,http://pics.dmm.co.jp/mono/actjpgs/aikawa_seira.jpg,----,----,----,T163cm B93cm W60cm H87cm,----,----
8900,相川優菜,あいかわゆうな,http://pics.dmm.co.jp/mono/actjpgs/aikawa_yuuna.jpg,1984年9月25日,てんびん座,A,B84cm W59cm H83cm,----,お菓子づくり、ネイルアート
26617,愛内あみ,あいうちあみ,http://pics.dmm.co.jp/mono/actjpgs/aiuti_ami.jpg,1987年12月15日,いて座,----,T152cm B92cm(Eカップ) W59cm H88cm,静岡県,音楽鑑賞
5259,相川真由,あいかわまゆ,http://pics.dmm.co.jp/mono/actjpgs/aikawa_mayu.jpg,----,----,----,----,----,----
2047,相川未稀,あいかわみき,http://pics.dmm.co.jp/mono/actjpgs/aikawa_miki.jpg,1979年1月23日,みずがめ座,A,B80cm W62cm H85cm,----,料理、カラオケ
1034870,相川潤,あいかわじゅん,http://pics.dmm.co.jp/mono/actjpgs/aikawa_zyun.jpg,1996年2月23日,うお座,----,B85cm(Fカップ) W57cm H83cm,----,----
1018147,あいかりん,あいかりん,http://pics.dmm.co.jp/mono/actjpgs/aikarin.jpg,1993年11月3日,さそり座,----,T158cm B80cm W60cm H82cm,----,----
228,愛川ひかる,あいかわひかる,http://pics.dmm.co.jp/mono/actjpgs/aikawa_hikaru.jpg,----,----,----,----,----,----
2044,相川みほ,あいかわみほ,http://pics.dmm.co.jp/mono/actjpgs/aikawa_miho.jpg,----,----,----,----,----,----
1019321,相内つかさ,あいうちつかさ,http://pics.dmm.co.jp/mono/actjpgs/aiuti_tukasa.jpg,----,----,----,T162cm B100cm(Hカップ) W64cm H93cm,----,----
9305,相川みなみ,あいかわみなみ,http://pics.dmm.co.jp/mono/actjpgs/aikawa_minami.jpg,1985年2月22日,うお座,O,T164cm B95cm(Fカップ) W58cm H89cm,神奈川県,音楽鑑賞、お菓子作り
1010957,愛川めい,あいかわめい,http://pics.dmm.co.jp/mono/actjpgs/aikawa_mei.jpg,----,----,----,----,----,----
16930,愛川紗季,あいかわさき,http://pics.dmm.co.jp/mono/actjpgs/aikawa_saki2.jpg,1984年4月19日,おひつじ座,O,T170cm B86cm(Dカップ) W58cm H86cm,千葉県,ショッピング、お菓子作り
1036214,藍川なぎさ,あいかわなぎさ,http://pics.dmm.co.jp/mono/actjpgs/aikawa_nagisa.jpg,----,----,----,T155cm B80cm(Dカップ) W63cm H85cm,----,----
14165,愛川由衣,あいかわゆい,http://pics.dmm.co.jp/mono/actjpgs/aikawa_yui2.jpg,1982年1月7日,やぎ座,A,T160cm B87cm(Dカップ) W59cm H88cm,山梨県,お料理　テニス　バスケット、体が柔らかい
11239,あいか瞬,あいかしゅん,http://pics.dmm.co.jp/mono/actjpgs/aika_syun.jpg,1984年12月8日,いて座,AB,T162cm B87cm(Gカップ) W59cm H86cm,神奈川県,ショッピング
1036804,藍川美夏,あいかわみか,http://pics.dmm.co.jp/mono/actjpgs/aikawa_mika.jpg,----,----,----,----,----,----
20518,相川純菜,あいかわじゅんな,http://pics.dmm.co.jp/mono/actjpgs/aikawa_zyunna.jpg,----,----,----,B87cm W60cm H88cm,----,----
231,愛川香織,あいかわかおり,http://pics.dmm.co.jp/mono/actjpgs/aikawa_kaori.jpg,1976年9月27日,てんびん座,----,T168cm B86cm(Cカップ) W60cm H85cm,----,お菓子づくり
1010105,愛内ゆう,あいうちゆう,http://pics.dmm.co.jp/mono/actjpgs/aiuti_yuu.jpg,----,----,----,T160cm B85cm(Iカップ) W57cm H86cm,----,----
4434,相川まなみ,あいかわまなみ,http://pics.dmm.co.jp/mono/actjpgs/aikawa_manami.jpg,----,----,----,B93cm(Gカップ) W60cm H88cm,----,----
229,愛川ひな,あいかわひな,http://pics.dmm.co.jp/mono/actjpgs/aikawa_hina.jpg,----,----,----,B83cm W57cm H85cm,----,----
1001201,愛川みう,あいかわみう,http://pics.dmm.co.jp/mono/actjpgs/aikawa_miu.jpg,1988年12月24日,やぎ座,O,T162cm B94cm(Hカップ) W58cm H86cm,千葉県,ショッピング、体が柔らかいこと
14603,相川奈々,あいかわなな,http://pics.dmm.co.jp/mono/actjpgs/aikawa_nana.jpg,1984年7月15日,かに座,B,T168cm B86cm(Eカップ) W60cm H90cm,----,音楽鑑賞、料理
23082,相内リカ,あいうちりか,http://pics.dmm.co.jp/mono/actjpgs/aiuti_rika.jpg,1987年12月11日,いて座,O,T156cm B96cm(Hカップ) W61cm H87cm,東京都,ダンス、I字バランス
1027129,愛川ななみ,あいかわななみ,http://pics.dmm.co.jp/mono/actjpgs/aikawa_nanami.jpg,----,----,----,----,----,----
1003963,愛内まほ,あいうちまほ,http://pics.dmm.co.jp/mono/actjpgs/aiuti_maho.jpg,----,----,----,----,----,----
1032223,愛華みれい,あいかみれい,http://pics.dmm.co.jp/mono/actjpgs/aika_mirei.jpg,----,----,----,----,----,----
1004850,相内しおり,あいうちしおり,http://pics.dmm.co.jp/mono/actjpgs/aiuti_siori.jpg,1990年11月6日,さそり座,B,T161cm B85cm(Dカップ) W58cm H88cm,新潟県,手芸、裁縫、料理
1012301,愛花沙也,あいかさや,http://pics.dmm.co.jp/mono/actjpgs/aika_saya.jpg,1989年12月18日,いて座,----,T155cm B80cm(Dカップ) W59cm H85cm,東京都,----
1105,AIKA（三浦あいか）（あいか,みうらあいか）,http://pics.dmm.co.jp/mono/actjpgs/miura_aika.jpg,1975年11月2日,さそり座,O,T155cm B81cm(Bカップ) W54cm H79cm,神奈川県,ドライブ、スキー、フィッシング
30510,愛内梨花,あいうちりんか,http://pics.dmm.co.jp/mono/actjpgs/aiuti_rinka.jpg,1988年3月27日,おひつじ座,AB,T164cm B85cm(Eカップ) W60cm H85cm,静岡県,料理、マッサージ
4857,愛川さち,あいかわさち,http://pics.dmm.co.jp/mono/actjpgs/aikawa_sati.jpg,----,----,----,B88cm W58cm H80cm,----,----
21923,藍花（花桐まつり）（あいか,はなぎりまつり）,http://pics.dmm.co.jp/mono/actjpgs/aika2.jpg,1985年5月28日,ふたご座,O,T155cm B87cm(Dカップ) W60cm H87cm,東京都,ショッピング、映画鑑賞
11921,愛内萌,あいうちもえ,http://pics.dmm.co.jp/mono/actjpgs/aiuti_moe.jpg,1981年12月1日,いて座,A,T165cm B86cm W56cm H82cm,東京都,----
17803,愛川咲樹,あいかわさき,http://pics.dmm.co.jp/mono/actjpgs/aikawa_saki3.jpg,1970年7月17日,かに座,----,T162cm B88cm(Dカップ) W63cm H90cm,----,----
1036944,愛川はる,あいかわはる,http://pics.dmm.co.jp/mono/actjpgs/aikawa_haru.jpg,----,----,----,----,----,----
1032111,あいか莉乃,あいかりの,http://pics.dmm.co.jp/mono/actjpgs/aika_rino.jpg,----,----,----,----,----,----
1027415,愛川未来,あいかわみく,http://pics.dmm.co.jp/mono/actjpgs/aika_miku.jpg,----,----,----,T154cm B84cm(Dカップ) W57cm H88cm,----,----
1000341,あいかわ優衣,あいかわゆい,http://pics.dmm.co.jp/mono/actjpgs/aikawa_yui3.jpg,1989年3月8日,うお座,----,T158cm B86cm(Cカップ) W60cm H87cm,東京都,プロレス観戦、英語
1012984,愛内希,あいうちのぞみ,http://pics.dmm.co.jp/mono/actjpgs/aiuti_nozomi.jpg,1992年7月3日,かに座,O,T162cm B80cm(Cカップ) W57cm H83cm,埼玉県,マンガ、ゲーム、映画鑑賞
25929,愛あいり,あいあいり,http://pics.dmm.co.jp/mono/actjpgs/ai_airi.jpg,1984年7月23日,しし座,O,T172cm B110cm(Iカップ) W61cm H90cm,東京都,アロマの香り集め
1019320,愛果,あいか,http://pics.dmm.co.jp/mono/actjpgs/aika4.jpg,----,----,----,----,----,----
1008423,愛内ゆず,あいうちゆず,http://pics.dmm.co.jp/mono/actjpgs/aiuti_yuzu.jpg,----,----,----,----,----,----
8888,愛香,あいか,http://pics.dmm.co.jp/mono/actjpgs/aika.jpg,----,----,----,----,----,----
1037568,Ai,あい,http://pics.dmm.co.jp/mono/actjpgs/ai.jpg,----,----,----,----,----,----
1032111,あいか莉乃,あいかりの,http://pics.dmm.co.jp/mono/actjpgs/aika_rino.jpg,----,----,----,----,----,----
1027129,愛川ななみ,あいかわななみ,http://pics.dmm.co.jp/mono/actjpgs/aikawa_nanami.jpg,----,----,----,----,----,----
1019320,愛果,あいか,http://pics.dmm.co.jp/mono/actjpgs/aika4.jpg,----,----,----,----,----,----
1037568,Ai,あい,http://pics.dmm.co.jp/mono/actjpgs/ai.jpg,----,----,----,----,----,----
8888,愛香,あいか,http://pics.dmm.co.jp/mono/actjpgs/aika.jpg,----,----,----,----,----,----
1004850,相内しおり,あいうちしおり,http://pics.dmm.co.jp/mono/actjpgs/aiuti_siori.jpg,1990年11月6日,さそり座,B,T161cm B85cm(Dカップ) W58cm H88cm,新潟県,手芸、裁縫、料理
1008423,愛内ゆず,あいうちゆず,http://pics.dmm.co.jp/mono/actjpgs/aiuti_yuzu.jpg,----,----,----,----,----,----
1026935,愛香まゆ,あいかまゆ,http://pics.dmm.co.jp/mono/actjpgs/aika_mayu.jpg,----,----,----,T166cm B88cm(Fカップ) W59cm H86cm,----,----
4857,愛川さち,あいかわさち,http://pics.dmm.co.jp/mono/actjpgs/aikawa_sati.jpg,----,----,----,B88cm W58cm H80cm,----,----
4537,愛内るい,あいうちるい,http://pics.dmm.co.jp/mono/actjpgs/aiuti_rui.jpg,1982年8月8日,しし座,O,T154cm B83cm W60cm H85cm,----,料理
1036944,愛川はる,あいかわはる,http://pics.dmm.co.jp/mono/actjpgs/aikawa_haru.jpg,----,----,----,----,----,----
228,愛川ひかる,あいかわひかる,http://pics.dmm.co.jp/mono/actjpgs/aikawa_hikaru.jpg,----,----,----,----,----,----
20518,相川純菜,あいかわじゅんな,http://pics.dmm.co.jp/mono/actjpgs/aikawa_zyunna.jpg,----,----,----,B87cm W60cm H88cm,----,----
8900,相川優菜,あいかわゆうな,http://pics.dmm.co.jp/mono/actjpgs/aikawa_yuuna.jpg,1984年9月25日,てんびん座,A,B84cm W59cm H83cm,----,お菓子づくり、ネイルアート
5259,相川真由,あいかわまゆ,http://pics.dmm.co.jp/mono/actjpgs/aikawa_mayu.jpg,----,----,----,----,----,----
1032111,あいか莉乃,あいかりの,http://pics.dmm.co.jp/mono/actjpgs/aika_rino.jpg,----,----,----,----,----,----
1027415,愛川未来,あいかわみく,http://pics.dmm.co.jp/mono/actjpgs/aika_miku.jpg,----,----,----,T154cm B84cm(Dカップ) W57cm H88cm,----,----
1019321,相内つかさ,あいうちつかさ,http://pics.dmm.co.jp/mono/actjpgs/aiuti_tukasa.jpg,----,----,----,T162cm B100cm(Hカップ) W64cm H93cm,----,----
231,愛川香織,あいかわかおり,http://pics.dmm.co.jp/mono/actjpgs/aikawa_kaori.jpg,1976年9月27日,てんびん座,----,T168cm B86cm(Cカップ) W60cm H85cm,----,お菓子づくり
2047,相川未稀,あいかわみき,http://pics.dmm.co.jp/mono/actjpgs/aikawa_miki.jpg,1979年1月23日,みずがめ座,A,B80cm W62cm H85cm,----,料理、カラオケ
1034870,相川潤,あいかわじゅん,http://pics.dmm.co.jp/mono/actjpgs/aikawa_zyun.jpg,1996年2月23日,うお座,----,B85cm(Fカップ) W57cm H83cm,----,----
1001201,愛川みう,あいかわみう,http://pics.dmm.co.jp/mono/actjpgs/aikawa_miu.jpg,1988年12月24日,やぎ座,O,T162cm B94cm(Hカップ) W58cm H86cm,千葉県,ショッピング、体が柔らかいこと
1027129,愛川ななみ,あいかわななみ,http://pics.dmm.co.jp/mono/actjpgs/aikawa_nanami.jpg,----,----,----,----,----,----
229,愛川ひな,あいかわひな,http://pics.dmm.co.jp/mono/actjpgs/aikawa_hina.jpg,----,----,----,B83cm W57cm H85cm,----,----
16930,愛川紗季,あいかわさき,http://pics.dmm.co.jp/mono/actjpgs/aikawa_saki2.jpg,1984年4月19日,おひつじ座,O,T170cm B86cm(Dカップ) W58cm H86cm,千葉県,ショッピング、お菓子作り
11921,愛内萌,あいうちもえ,http://pics.dmm.co.jp/mono/actjpgs/aiuti_moe.jpg,1981年12月1日,いて座,A,T165cm B86cm W56cm H82cm,東京都,----
4434,相川まなみ,あいかわまなみ,http://pics.dmm.co.jp/mono/actjpgs/aikawa_manami.jpg,----,----,----,B93cm(Gカップ) W60cm H88cm,----,----
26617,愛内あみ,あいうちあみ,http://pics.dmm.co.jp/mono/actjpgs/aiuti_ami.jpg,1987年12月15日,いて座,----,T152cm B92cm(Eカップ) W59cm H88cm,静岡県,音楽鑑賞
1036214,藍川なぎさ,あいかわなぎさ,http://pics.dmm.co.jp/mono/actjpgs/aikawa_nagisa.jpg,----,----,----,T155cm B80cm(Dカップ) W63cm H85cm,----,----
2044,相川みほ,あいかわみほ,http://pics.dmm.co.jp/mono/actjpgs/aikawa_miho.jpg,----,----,----,----,----,----
29817,愛川セイラ,あいかわせいら,http://pics.dmm.co.jp/mono/actjpgs/aikawa_seira.jpg,----,----,----,T163cm B93cm W60cm H87cm,----,----
1018147,あいかりん,あいかりん,http://pics.dmm.co.jp/mono/actjpgs/aikarin.jpg,1993年11月3日,さそり座,----,T158cm B80cm W60cm H82cm,----,----
14603,相川奈々,あいかわなな,http://pics.dmm.co.jp/mono/actjpgs/aikawa_nana.jpg,1984年7月15日,かに座,B,T168cm B86cm(Eカップ) W60cm H90cm,----,音楽鑑賞、料理
1003963,愛内まほ,あいうちまほ,http://pics.dmm.co.jp/mono/actjpgs/aiuti_maho.jpg,----,----,----,----,----,----
1036804,藍川美夏,あいかわみか,http://pics.dmm.co.jp/mono/actjpgs/aikawa_mika.jpg,----,----,----,----,----,----
234,愛川智佐,あいかわちさ,http://pics.dmm.co.jp/mono/actjpgs/aikawa_tisa.jpg,----,----,----,----,----,----
1019320,愛果,あいか,http://pics.dmm.co.jp/mono/actjpgs/aika4.jpg,----,----,----,----,----,----
1008423,愛内ゆず,あいうちゆず,http://pics.dmm.co.jp/mono/actjpgs/aiuti_yuzu.jpg,----,----,----,----,----,----
1026935,愛香まゆ,あいかまゆ,http://pics.dmm.co.jp/mono/actjpgs/aika_mayu.jpg,----,----,----,T166cm B88cm(Fカップ) W59cm H86cm,----,----
8888,愛香,あいか,http://pics.dmm.co.jp/mono/actjpgs/aika.jpg,----,----,----,----,----,----
234,愛川智佐,あいかわちさ,http://pics.dmm.co.jp/mono/actjpgs/aikawa_tisa.jpg,----,----,----,----,----,----
4537,愛内るい,あいうちるい,http://pics.dmm.co.jp/mono/actjpgs/aiuti_rui.jpg,1982年8月8日,しし座,O,T154cm B83cm W60cm H85cm,----,料理
1019320,愛果,あいか,http://pics.dmm.co.jp/mono/actjpgs/aika4.jpg,----,----,----,----,----,----
1008423,愛内ゆず,あいうちゆず,http://pics.dmm.co.jp/mono/actjpgs/aiuti_yuzu.jpg,----,----,----,----,----,----
1037568,Ai,あい,http://pics.dmm.co.jp/mono/actjpgs/ai.jpg,----,----,----,----,----,----
1004850,相内しおり,あいうちしおり,http://pics.dmm.co.jp/mono/actjpgs/aiuti_siori.jpg,1990年11月6日,さそり座,B,T161cm B85cm(Dカップ) W58cm H88cm,新潟県,手芸、裁縫、料理
1026935,愛香まゆ,あいかまゆ,http://pics.dmm.co.jp/mono/actjpgs/aika_mayu.jpg,----,----,----,T166cm B88cm(Fカップ) W59cm H86cm,----,----
